id,numRecord,codeType,coder,comment,occurred,typeRequestor,typeSolicitud,typeDerivacion,typeOffer,saludoProt,preguntaPolPub,quejaMuni,tags (skip),Sys.time()
5137,1,3,Richard,solicitud documentación,1,individuo,"información, infraestructura urbana/rural",,,0,0,0,,2022-08-16 18:54:39
14303,2,3,Richard,,1,organización,ayuda social/económica,,,0,0,0,,2022-08-16 18:55:42
14362,3,3,Richard,,1,individuo,permiso/autorización,,,0,0,0,,2022-08-16 18:56:16
2385,4,3,Richard,,1,individuo,asistencia legal,,,0,0,0,,2022-08-16 18:57:15
12298,5,3,Richard,,1,individuo,vivienda,,,0,0,0,,2022-08-16 18:57:36
4732,6,3,Richard,,1,organización,permiso/autorización,,,0,0,0,,2022-08-16 18:58:34
10321,7,3,Richard,persona conocida del alcalde,1,individuo,"información, ayuda social/económica",,,0,0,0,,2022-08-16 18:59:39
139,8,3,Richard,,1,organización,infraestructura urbana/rural,,,1,0,0,,2022-08-16 19:00:24
3194,9,3,Richard,,1,empresa,permiso/autorización,,,0,0,0,,2022-08-16 19:01:43
12580,10,3,Richard,,1,individuo,empleo,,,0,0,0,,2022-08-16 19:02:23
12735,11,3,Richard,,1,individuo,vivienda,,,0,0,0,,2022-08-16 19:02:35
11837,12,3,Richard,,1,individuo,ayuda social/económica,,,0,0,0,,2022-08-16 19:02:44
1129,13,3,Richard,,1,organización,"convenio, acta de compromiso",,,0,0,0,,2022-08-16 19:04:37
4935,14,3,Richard,,1,individuo,ayuda social/económica,DIRECCIÒN COMUNAL DE SALUD,,0,0,0,,2022-08-16 19:05:30
1544,15,3,Richard,candidato a diputado,1,individuo,información,,proyecto,0,0,0,,2022-08-16 19:07:07
2070,16,3,Richard,,1,empresa,,,"información, colaboracion",0,0,0,,2022-08-16 19:08:55
1883,17,3,Richard,,1,individuo,infraestructura urbana/rural,dirección de obra,,0,0,0,,2022-08-16 19:09:43
3881,18,3,Richard,,1,individuo,"ayuda social/económica, permiso/autorización",,,0,0,0,,2022-08-16 19:10:43
4200,19,3,Richard,,1,empresa,,Dirección Jurídica,,0,0,0,?,2022-08-16 19:11:59
5445,20,3,Richard,colegio,1,institución,asistencia legal,,,0,0,0,,2022-08-16 19:12:48
7362,21,3,Richard,,1,individuo,,,proyecto,0,0,0,,2022-08-16 19:13:12
1465,22,3,Richard,,1,empresa,,,bien/servicio,0,0,0,,2022-08-16 19:13:40
11181,23,3,Richard,,1,individuo,permiso/autorización,,,0,0,0,,2022-08-16 19:13:56
1001,24,3,Richard,,1,individuo,"ayuda social/económica, vivienda",,,0,0,0,,2022-08-16 19:14:18
2003,25,3,Richard,,1,individuo,empleo,OFICINA MUNICIPAL DE INFORMACION LABORAL,,0,0,0,,2022-08-16 19:14:37
2526,26,3,Richard,,1,empresa,,,"información, bien/servicio",0,0,0,,2022-08-16 19:17:50
12344,27,3,Richard,,1,individuo,ayuda social/económica,,,0,0,0,,2022-08-16 19:18:04
14965,28,3,Richard,,1,individuo,fiscalización,,denunciacion,0,0,0,,2022-08-16 19:19:01
5604,29,3,Richard,,1,organización,transporte,,,0,0,0,,2022-08-16 19:19:22
4006,30,3,Richard,,1,individuo,ayuda social/económica,,,0,0,0,,2022-08-16 19:19:40
7475,31,3,Richard,,1,individuo,empleo,,,0,0,0,,2022-08-16 19:19:50
573,32,3,Richard,,1,individuo,asistencia legal,,,0,0,0,,2022-08-16 19:20:53
6548,33,3,Richard,,0,individuo,,oficina organizaciones comunitarias,,0,0,0,,2022-08-16 19:21:19
480,34,3,Richard,,1,individuo,empleo,,,0,0,0,,2022-08-16 19:22:25
2275,35,3,Richard,fundacion,1,organización,convenio,,información,1,0,0,,2022-08-16 19:25:02
6355,36,3,Richard,,1,empresa,,"Corporacion municipal, Directora de Educación","proyecto, información, bien/servicio",0,0,0,,2022-08-16 19:27:19
1656,37,3,Richard,,1,empresa,,,,1,0,0,,2022-08-16 19:27:54
12333,38,3,Richard,,1,individuo,ayuda social/económica,,,0,0,0,,2022-08-16 19:28:11
3350,39,3,Richard,,1,empresa,,,proyecto,0,0,0,,2022-08-16 19:28:49
1522,40,3,Richard,,1,empresa,no especificado,,,0,0,0,,2022-08-16 19:29:26
4798,41,3,Richard,,1,organización,"información, infraestructura urbana/rural",,,0,1,0,,2022-08-16 19:30:40
4579,42,3,Richard,,1,individuo,"infraestructura urbana/rural, intercesion, asistencia legal",,,0,0,1,,2022-08-16 19:33:47
8526,43,3,Richard,,1,organización,"permiso/autorización, no especificado",,,0,1,0,,2022-08-16 19:35:03
1150,44,3,Richard,,1,organización,información,,información,1,0,0,,2022-08-16 19:35:56
10464,45,3,Richard,,0,empresa,,,proyecto,0,0,0,,2022-08-16 19:36:44
8701,46,3,Richard,,1,individuo,ayuda social/económica,,,0,0,0,,2022-08-16 19:37:00
10874,47,3,Richard,,1,empresa,información,,"bien/servicio, proyecto",0,0,0,,2022-08-16 19:37:42
1967,48,3,Richard,,1,individuo,"vivienda, material de construccion",Departamento social,,0,0,0,,2022-08-16 19:39:01
14683,49,3,Richard,,1,individuo,permiso/autorización,,,0,0,0,,2022-08-16 19:39:13
3630,50,3,Richard,,1,individuo,,COMUDEF,"proyecto, bien/servicio",0,0,0,,2022-08-16 19:40:31
4361,51,3,Richard,fundacion,1,organización,,,proyecto,0,0,0,,2022-08-16 21:18:05
9280,52,3,Richard,,1,individuo,asistencia educativa,,,0,0,0,,2022-08-16 21:19:28
4164,53,3,Richard,equipo de investigacion,1,institución,,Director de Seguridad,bien/servicio,0,0,0,,2022-08-16 21:23:58
2853,54,3,Richard,,1,empresa,,,proyecto,0,0,0,,2022-08-16 21:24:18
4212,55,3,Richard,,1,empresa,,Corporación de Desarrollo,bien/servicio,0,0,0,,2022-08-16 21:25:36
12327,56,3,Richard,,1,individuo,"infraestructura urbana/rural, no especificado",,,0,0,0,,2022-08-16 21:26:16
8696,57,3,Richard,,1,individuo,permiso/autorización,,,0,0,0,,2022-08-16 21:26:33
6311,58,3,Richard,fundacion,1,organización,convenio,,"información, proyecto",0,0,0,,2022-08-16 21:27:30
474,59,3,Richard,,1,individuo,empleo,,,0,0,0,,2022-08-16 21:27:56
9862,60,3,Richard,,1,individuo,empleo,,,0,0,0,,2022-08-16 21:28:06
6689,61,3,Richard,junta de vecinos,1,organización,,,información,1,0,0,,2022-08-16 21:28:46
2436,62,3,Richard,,1,individuo,infraestructura urbana/rural,,proyecto,0,0,0,,2022-08-16 21:30:13
14787,63,3,Richard,,1,empresa,,,información,0,0,0,,2022-08-16 21:31:31
10972,64,3,Richard,Corporación de Familiares y amigos de Personas con Esquizofrenia CORFAPES,1,organización,,,información,0,0,0,,2022-08-16 21:33:17
5174,65,3,Richard,ASOCIACIÒN DE EQUIPO DIRECTIVOS,1,organización,,,información,1,0,0,,2022-08-16 21:34:04
1117,66,3,Richard,,1,empresa,,,proyecto,0,0,0,,2022-08-16 21:35:03
9026,67,3,Richard,,1,individuo,"material construccion, ayuda social/económica",,,0,0,0,,2022-08-16 21:35:34
4576,68,3,Richard,alcalde pertenece a la directiva del comité,1,organización,presencia autoridad política,,,0,0,0,,2022-08-16 21:36:52
8958,69,3,Richard,,1,individuo,empleo,,,0,0,0,,2022-08-16 21:37:06
7934,70,3,Richard,,1,empresa,asistencia legal,,,0,0,0,?,2022-08-16 21:38:14
6783,71,3,Richard,,1,empresa,asistencia legal,,,0,0,1,,2022-08-16 21:39:14
9730,72,3,Richard,,1,individuo,ayuda social/económica,,,0,0,0,,2022-08-16 21:39:28
14987,73,3,Richard,,1,individuo,empleo,,,0,0,0,,2022-08-16 21:39:39
10629,74,3,Richard,Centro de Desarrollo de Negocios y Vinculación,1,institución,difusion,,,0,0,0,,2022-08-16 21:42:02
7672,75,3,Richard,Denuncia de la Comunidad Edificio Prados Park Provi,1,organización,"infraestructura urbana/rural, fiscalizacion acceso infraestructura",,,0,1,0,,2022-08-16 21:45:36
5327,76,3,Richard,,1,organización,transporte,,,0,0,0,,2022-08-16 21:45:58
13640,77,3,Richard,,1,individuo,infraestructura urbana/rural,,,0,0,0,,2022-08-16 21:46:34
11709,78,3,Richard,,1,individuo,vivienda,,,0,0,0,,2022-08-16 21:46:45
6211,79,3,Richard,,1,individuo,"material construccion, ayuda social/económica",,,0,0,0,,2022-08-16 21:47:18
7759,80,3,Richard,,1,individuo,no especificado,,,0,0,0,,2022-08-16 21:49:05
4816,81,3,Richard,,1,empresa,asistencia legal,ADMINISTRADORA,,0,0,0,,2022-08-16 21:50:02
3644,82,3,Richard,Campaña nacional de Cuna Cultural,1,organización,,,información,0,0,0,,2022-08-16 22:00:40
2215,83,3,Richard,,1,individuo,,,información,0,0,0,,2022-08-16 22:02:09
14273,84,3,Richard,junta de vecinos,1,organización,ayuda social/económica,,,0,0,0,,2022-08-16 22:02:54
4605,85,3,Richard,fundacion,0,organización,,Jefa de Cultura,,0,0,0,,2022-08-16 22:03:34
11547,86,3,Richard,,1,individuo,ayuda social/económica,,,0,0,0,,2022-08-16 22:03:49
8147,87,3,Richard,,1,individuo,"asistencia legal, intercesion",,,0,0,0,,2022-08-16 22:04:47
2475,88,3,Richard,,1,organización,"infraestructura urbana/rural, respaldo autoridad",,"bien/servicio, información",0,0,0,,2022-08-16 22:08:35
2259,89,3,Richard,,1,individuo,infraestructura urbana/rural,DIRECTORA JURIDICA,,0,0,0,,2022-08-16 22:09:27
5663,90,3,Richard,,1,individuo,espacio/lugar,,,0,0,0,,2022-08-16 22:09:58
3531,91,3,Richard,,1,empresa,convenio,"Administrador Municipal, Jefa de Gabinete en la Municipalidad","proyecto, información",0,0,0,,2022-08-16 22:12:10
11884,92,3,Richard,,1,individuo,ayuda social/económica,,,0,0,0,,2022-08-16 22:12:29
11949,93,3,Richard,,1,individuo,empleo,,,0,0,0,,2022-08-16 22:12:35
182,94,3,Richard,Conjunto Folclórico Pasión Cuequera,1,organización,ayuda social/económica,,información,1,0,0,,2022-08-16 22:13:27
4715,95,3,Richard,SINDICATO INDEPENDIENTE VENDEDORES DE PESCADOS Y MARISCOS,1,organización,"espacio/lugar, ayuda social/económica",,,0,0,0,,2022-08-16 22:14:59
14501,96,3,Richard,,1,individuo,información,,,0,0,0,,2022-08-16 22:15:46
639,97,3,Richard,,1,individuo,espacio/lugar,,,0,0,0,,2022-08-16 22:16:02
4349,98,3,Richard,COLEGIO NUESTRA SRA. DEL ROSARIO,1,institución,información,,información,1,0,0,,2022-08-16 22:16:53
13323,99,3,Richard,,1,individuo,no especificado,Oficina del Concejal,,0,0,0,?,2022-08-16 22:18:09
6232,100,3,Richard,,1,empresa,vinculacion con organizaciones comunitarias,DIDECO,información,0,0,0,,2022-08-16 22:19:44
13416,101,3,Richard,,1,empresa,convenio,,"bien/servicio, proyecto",0,0,0,,2022-08-16 22:34:18
13939,102,3,Richard,,1,individuo,infraestructura urbana/rural,DOM,,0,0,0,,2022-08-16 22:34:54
2195,103,3,Richard,,1,empresa,convenio,,bien/servicio,0,0,0,,2022-08-16 22:36:06
12797,104,3,Richard,,1,individuo,empleo,,,0,0,0,,2022-08-16 22:36:18
4235,105,3,Richard,,1,empresa,presencia autoridad política,,información,0,0,0,,2022-08-16 22:37:11
4533,106,3,Richard,junta de vecinos,1,organización,infraestructura urbana/rural,coordinador territorial,proyecto,1,1,0,,2022-08-16 22:37:51
8939,107,3,Richard,junta de vecinos,1,individuo,ayuda social/económica,,,0,0,0,,2022-08-16 22:38:08
10229,108,3,Richard,apoyo musical,1,individuo,ayuda social/económica,,,0,0,0,,2022-08-16 22:38:26
5070,109,3,Richard,,1,individuo,empleo,DIRECCIÒN COMUNAL DE SALUD,,0,0,0,,2022-08-16 22:38:46
13133,110,3,Richard,,1,empresa,"convenio, no especificado",Oficina del Concejal,proyecto,0,0,0,,2022-08-16 22:40:22
13695,111,3,Richard,,1,individuo,permiso/autorización,,,0,0,0,,2022-08-16 22:40:37
11641,112,3,Richard,,1,individuo,empleo,,,0,0,0,,2022-08-16 22:40:46
10458,113,3,Richard,Gremio DE Trabajadores DE LA Minería DEL Choapa?,1,organización,asistencia legal,,información,0,1,0,?,2022-08-16 22:43:38
12452,114,3,Richard,,1,individuo,vivienda,,,0,0,0,,2022-08-16 22:43:57
7571,115,3,Richard,,1,individuo,empleo,,,0,0,0,,2022-08-16 22:44:10
7902,116,3,Richard,junta de vecinos,1,organización,infraestructura urbana/rural,,,0,0,0,,2022-08-16 22:44:53
14691,117,3,Richard,,1,organización,ayuda social/económica,,información,1,0,0,,2022-08-16 22:45:26
866,118,3,Richard,,1,individuo,empleo,,,0,0,0,,2022-08-16 22:45:49
2200,119,3,Richard,Universidad de La Frontera,1,institución,,,"proyecto, información",0,0,0,,2022-08-16 22:46:15
5146,120,3,Richard,,1,individuo,permiso/autorización,,proyecto,0,0,0,,2022-08-16 22:46:53
4575,121,3,Richard,,1,individuo,no especificado,,información,0,0,0,?,2022-08-16 22:49:13
12391,122,3,Richard,,1,individuo,empleo,,,0,0,0,,2022-08-16 22:49:21
13501,123,3,Richard,,1,empresa,,Director de Tecnología,"proyecto, bien/servicio",0,0,0,,2022-08-16 22:50:36
69,124,3,Richard,junta de vecinos,1,organización,"subvención, infraestructura urbana/rural",,,0,0,0,,2022-08-16 22:51:14
10286,125,3,Richard,junta de vecinos,1,organización,no especificado,,,0,0,0,,2022-08-16 22:51:37
4916,126,3,Richard,junta de vecinos,1,organización,información,,información,1,1,0,,2022-08-16 22:52:59
10232,127,3,Richard,,1,individuo,intercesion,OFICINA DE ADMINISTRADOR,,0,1,1,,2022-08-16 22:53:59
12238,128,3,Richard,,1,individuo,permiso/autorización,,,0,0,0,,2022-08-16 22:54:13
257,129,3,Richard,,1,individuo,permiso/autorización,,proyecto,0,0,0,,2022-08-16 22:55:33
6953,130,3,Richard,junta de vecinos,1,organización,información,,información,0,0,0,,2022-08-16 22:56:51
12102,131,3,Richard,,1,individuo,no especificado,,,0,0,0,,2022-08-16 22:57:25
10316,132,3,Richard,,1,individuo,ayuda social/económica,,,0,0,0,,2022-08-16 22:57:41
3873,133,3,Richard,,1,empresa,ayuda social/económica,Sala de Concejo Municipal,información,0,0,0,,2022-08-16 22:59:33
14735,134,3,Richard,,1,individuo,ayuda social/económica,,,0,0,0,,2022-08-16 22:59:47
5158,135,3,Richard,,1,"individuo, empresa",,DIRECTORA M.A.,bien/servicio,0,1,0,,2022-08-16 23:01:41
12591,136,3,Richard,,1,individuo,permiso/autorización,,,0,0,0,,2022-08-16 23:01:55
11309,137,3,Richard,,1,individuo,ayuda social/económica,,,0,0,0,,2022-08-16 23:02:27
5611,138,3,Richard,Comite habitacional,1,organización,"infraestructura urbana/rural, fiscalizacion",,proyecto,0,0,0,,2022-08-16 23:03:17
10517,139,3,Richard,Corporación Nacional del Cáncer,1,organización,"infraestructura urbana/rural, comodato",,,0,0,0,,2022-08-16 23:05:35
3940,140,3,Richard,,1,individuo,"ayuda social/económica, información",Sala de Concejo Municipal,,0,0,0,,2022-08-16 23:05:59
11079,141,3,Richard,,1,individuo,vivienda,,,0,0,0,,2022-08-16 23:06:11
5378,142,3,Richard,,1,individuo,información,,,0,1,0,,2022-08-16 23:06:42
5750,143,3,Richard,,1,individuo,permiso/autorización,,,0,0,0,,2022-08-16 23:07:00
172,144,3,Richard,AGRUPACIÓN DE RESERVISTAS SAN CARLOS DE ANCUD,1,organización,"infraestructura urbana/rural, información",,,0,0,0,,2022-08-16 23:07:28
14092,145,3,Richard,,1,individuo,infraestructura urbana/rural,,,0,1,0,,2022-08-16 23:08:11
9981,146,3,Richard,,1,empresa,permiso/autorización,,proyecto,0,0,0,,2022-08-16 23:08:52
2902,147,3,Richard,,1,empresa,,,"proyecto, información",0,0,0,,2022-08-16 23:09:15
3143,148,3,Richard,,1,individuo,infraestructura urbana/rural,,,0,1,0,,2022-08-16 23:09:53
9353,149,3,Richard,,1,individuo,empleo,,,0,0,0,,2022-08-16 23:10:05
4990,150,3,Richard,,1,individuo,"infraestructura urbana/rural, terreno",,proyecto,0,0,0,,2022-08-16 23:10:44
4540,151,3,Richard,Vecinos,1,organización,"intercesion, oposicion a proyecto",,,0,1,0,,2022-08-16 23:12:30
9276,152,3,Richard,,1,individuo,ayuda social/económica,,,0,0,0,,2022-08-16 23:12:45
5197,153,3,Richard,,1,empresa,permiso/autorización,,,0,0,0,,2022-08-16 23:13:29
887,154,3,Richard,,1,individuo,ayuda social/económica,,,0,0,0,,2022-08-16 23:13:39
379,155,3,Richard,,1,individuo,empleo,,,0,0,0,,2022-08-16 23:13:52
6845,156,3,Richard,INSTITUTO ALEMAN,1,institución,no especificado,,información,0,0,0,,2022-08-16 23:15:29
2379,157,3,Richard,,1,empresa,,,bien/servicio,0,0,0,?,2022-08-16 23:15:59
284,158,3,Richard,,1,individuo,permiso/autorización,,proyecto,0,0,0,,2022-08-16 23:16:43
14837,159,3,Richard,,1,individuo,empleo,,,0,0,0,,2022-08-16 23:16:54
8705,160,3,Richard,,1,individuo,permiso/autorización,,,0,0,0,,2022-08-16 23:17:02
2716,161,3,Richard,INSTITUCION FINANCIERA COOPEUCH,1,empresa,,,información,1,0,0,,2022-08-16 23:18:55
13559,162,3,Richard,,1,individuo,infraestructura urbana/rural,,,0,0,0,,2022-08-16 23:19:21
12761,163,3,Richard,,1,individuo,empleo,,,0,0,0,,2022-08-16 23:19:33
324,164,3,Richard,,1,individuo,empleo,,,0,0,0,,2022-08-16 23:19:43
6973,165,3,Richard,,1,empresa,,,bien/servicio,0,0,0,,2022-08-16 23:20:08
3842,166,3,Richard,,1,individuo,empleo,Sala de Concejo Municipal,,0,0,0,,2022-08-16 23:20:32
2071,167,3,Richard,,1,empresa,,,bien/servicio,0,0,0,,2022-08-16 23:21:08
9429,168,3,Richard,,1,organización,empleo,,,0,0,0,?,2022-08-16 23:21:40
3612,169,3,Richard,,1,organización,asistencia legal,VIVIENDA,,0,1,1,,2022-08-16 23:24:03
12647,170,3,Richard,,1,individuo,empleo,,,0,0,0,,2022-08-16 23:24:15
3063,171,3,Richard,Museo de Arte Contemporàneo,1,institución,,,bien/servicio,0,0,0,,2022-08-16 23:24:49
7457,172,3,Richard,sindicato de artesanos,1,organización,no especificado,,información,0,0,0,,2022-08-16 23:53:47
12215,173,3,Richard,,1,individuo,permiso/autorización,,,0,0,0,,2022-08-16 23:54:04
5685,174,3,Richard,,1,individuo,"infraestructura urbana/rural, fiscalizacion acceso infraestructura",,,0,1,0,,2022-08-16 23:55:41
4029,175,3,Richard,cambio de labores?,1,individuo,empleo,Sala de Concejo Municipal,,0,0,0,,2022-08-16 23:56:45
13267,176,3,Richard,,1,individuo,información,Oficina del Concejal,proyecto,0,0,0,,2022-08-16 23:57:19
3486,177,3,Richard,,1,empresa,,CENTRO DEL CARIÑO,bien/servicio,0,0,0,,2022-08-16 23:58:01
3913,178,3,Richard,junta de vecinos,1,organización,"asistencia legal, información",Sala de Concejo Municipal,,0,0,0,,2022-08-16 23:59:15
12987,179,3,Richard,junta de vecinos,1,organización,infraestructura urbana/rural,,,0,0,0,,2022-08-16 23:59:49
13943,180,3,Richard,,1,empresa,permiso/autorización,,,0,0,0,?,2022-08-17 00:01:16
473,181,3,Richard,,1,individuo,ayuda social/económica,,,0,0,0,,2022-08-17 00:01:30
5877,182,3,Richard,,1,institución,información,,,0,0,1,,2022-08-17 00:02:01
2599,183,3,Richard,,0,organización,,,,0,0,0,,2022-08-17 00:02:17
2939,184,3,Richard,,1,empresa,,,bien/servicio,0,0,0,,2022-08-17 00:02:39
13402,185,3,Richard,,1,individuo,permiso/autorización,OFICINA DE ADMINISTRACIÓN,,0,0,0,,2022-08-17 00:03:38
6213,186,3,Richard,,1,empresa,,,,1,0,0,,2022-08-17 00:04:01
5757,187,3,Richard,,1,individuo,infraestructura urbana/rural,,,0,0,0,,2022-08-17 00:04:24
5402,188,3,Richard,Club Adulto Mayor,1,organización,infraestructura urbana/rural,,,0,0,0,,2022-08-17 00:04:44
1500,189,3,Richard,,1,empresa,convenio,,"proyecto, bien/servicio",0,0,0,,2022-08-17 00:05:30
6508,190,3,Richard,,1,individuo,permiso/autorización,,,0,0,0,,2022-08-17 00:07:11
7078,191,3,Richard,,1,organización,permiso/autorización,,"proyecto, información",0,0,0,,2022-08-17 00:07:56
5998,192,3,Richard,,1,individuo,permiso/autorización,,,0,0,0,,2022-08-17 00:08:10
9245,193,3,Richard,,1,individuo,empleo,,,0,0,0,,2022-08-17 00:08:17
3390,194,3,Richard,,1,organización,"subvención, convenio",,"información, proyecto",0,0,0,,2022-08-17 00:09:52
6638,195,3,Richard,junta de vecinos,1,organización,"subvención, infraestructura urbana/rural",,,0,0,0,,2022-08-17 00:11:14
12379,196,3,Richard,,1,individuo,permiso/autorización,,,0,0,0,,2022-08-17 00:11:29
5482,197,2,Richard,,1,organización,"infraestructura urbana/rural, recolección de basura",,,0,1,0,,2022-08-22 12:59:23
11659,198,2,Richard,,1,individuo,patente/permiso/autorización,,,0,0,0,,2022-08-22 14:11:22
6793,199,2,Richard,,1,organización,"transporte, información",,,0,0,0,,2022-08-22 14:12:45
8741,200,2,Richard,,1,organización,,,,0,0,0,,2022-08-22 14:13:44
13540,201,2,Richard,,1,organización,,,información,1,0,0,,2022-08-22 14:15:00
5449,202,2,Richard,,1,organización,transporte,,,0,0,0,,2022-08-22 14:15:35
7692,203,2,Richard,,1,organización,"infraestructura urbana/rural, fiscalización",,información,0,1,0,,2022-08-22 20:38:39
12602,204,2,Richard,,1,individuo,patente/permiso/autorización,,,0,0,0,,2022-08-22 20:38:59
6934,205,2,Richard,,1,organización,infraestructura urbana/rural,,,0,0,0,,2022-08-22 20:40:04
14529,206,2,Richard,,1,individuo,ayuda social/económica,,,0,0,0,,2022-08-22 20:40:15
4225,207,2,Richard,,1,empresa,,,bien/servicio,0,0,0,,2022-08-22 20:41:22
4640,208,2,Richard,,1,institución,presencia autoridad política,,proyecto,0,0,0,,2022-08-22 20:43:53
11590,209,2,Richard,,1,individuo,ayuda social/económica,,,0,0,0,,2022-08-22 20:44:03
2821,210,2,Richard,,1,individuo,"patente/permiso/autorización, ayuda social/económica",,,0,0,0,,2022-08-22 20:44:40
3306,211,2,Richard,,1,empresa,,,bien/servicio,0,0,0,,2022-08-22 20:44:53
12773,212,2,Richard,,1,individuo,patente/permiso/autorización,,,0,0,0,,2022-08-22 20:45:18
4209,213,2,Richard,,1,empresa,,,bien/servicio,0,0,0,,2022-08-22 20:45:49
12346,214,2,Richard,,1,individuo,patente/permiso/autorización,,,0,0,0,,2022-08-22 20:45:59
5770,215,2,Richard,topógrafo,1,individuo,profesional,,,0,0,0,,2022-08-22 20:46:38
14072,216,2,Richard,,1,organización,espacio/lugar,,,0,0,0,,2022-08-22 20:47:49
4233,217,2,Richard,,1,individuo,,Dirección de seguridad,bien/servicio,0,0,0,,2022-08-22 20:50:16
6777,218,2,Richard,,1,organización,,,información,1,0,0,,2022-08-22 20:50:53
7942,219,2,Richard,,1,individuo,,,,0,0,0,,2022-08-22 20:51:43
7190,220,2,Richard,,1,"empresa, organización",,,"proyecto, información",0,0,0,,2022-08-22 20:52:58
2044,221,2,Richard,,1,empresa,,,"proyecto, información",0,0,0,,2022-08-22 20:54:00
12729,222,2,Richard,,1,individuo,ayuda social/económica,,,0,0,0,,2022-08-22 20:54:09
5820,223,2,Richard,,1,individuo,asistencia en trámites,,,0,0,0,,2022-08-22 20:55:46
10391,224,2,Richard,,0,individuo,,,,0,0,0,,2022-08-22 20:56:14
2010,225,2,Richard,,1,individuo,"empleo, patente/permiso/autorización",OMIL (Información laboral,,0,0,0,,2022-08-22 20:57:07
2386,226,2,Richard,,1,individuo,empleo,,,0,0,0,,2022-08-22 20:57:20
6289,227,2,Richard,,1,organización,,,información,0,0,0,,2022-08-22 20:57:36
512,228,2,Richard,,1,individuo,empleo,,,0,0,0,,2022-08-22 20:57:44
419,229,2,Richard,,1,individuo,empleo,,,0,0,0,,2022-08-22 20:57:52
10519,230,2,Richard,,1,organización,,,información,1,0,0,,2022-08-22 20:58:13
4060,231,2,Richard,,1,individuo,empleo,,,0,0,0,,2022-08-22 20:58:25
2862,232,2,Richard,,1,individuo,empleo,,,0,0,0,,2022-08-22 20:58:45
1995,233,2,Richard,,1,individuo,transporte,DAEM (educación municipal),,0,0,0,,2022-08-22 20:59:07
14995,234,2,Richard,,1,individuo,ayuda social/económica,,,0,0,0,,2022-08-22 20:59:14
4744,235,2,Richard,,1,organización,patente/permiso/autorización,,,0,0,0,,2022-08-22 20:59:35
3660,236,2,Richard,,1,individuo,subvención,,proyecto,0,0,0,,2022-08-22 21:04:27
9680,237,2,Richard,,1,individuo,ayuda social/económica,,,0,0,0,,2022-08-22 21:49:04
12555,238,2,Richard,,1,individuo,patente/permiso/autorización,,,0,0,0,,2022-08-22 21:49:17
15135,239,2,Richard,,1,empresa,presencia autoridad política,,,0,0,0,,2022-08-22 21:50:25
11325,240,2,Richard,,1,individuo,transporte,,,0,0,0,,2022-08-22 21:50:35
584,241,2,Richard,,1,individuo,empleo,,,0,0,0,,2022-08-22 21:50:42
4477,242,2,Richard,,0,empresa,,,,0,0,0,,2022-08-22 21:50:55
13674,243,2,Richard,,1,individuo,"intercesión, infraestructura urbana/rural",,información,0,0,0,,2022-08-22 21:53:33
14707,244,2,Richard,,1,individuo,infraestructura urbana/rural,,,0,0,0,,2022-08-22 21:53:55
12404,245,2,Richard,,1,individuo,ayuda social/económica,,,0,0,0,,2022-08-22 21:54:03
5649,246,2,Richard,,1,organización,no especificado,,,0,0,0,,2022-08-22 21:54:24
8998,247,2,Richard,,1,individuo,patente/permiso/autorización,,,0,0,0,,2022-08-22 21:54:54
11953,248,2,Richard,,1,individuo,patente/permiso/autorización,,,0,0,0,,2022-08-22 21:55:03
12617,249,2,Richard,,1,individuo,ayuda social/económica,,,0,0,0,,2022-08-22 21:55:11
5497,250,2,Richard,,1,organización,,,agradecimientos,0,0,0,,2022-08-22 21:55:33
12978,251,2,Richard,,1,,,,,0,0,0,?,2022-08-22 21:56:42
3704,252,2,Richard,,1,organización,información,,"información, proyecto",0,0,0,,2022-08-22 21:57:53
7467,253,2,Richard,,1,individuo,empleo,,,0,0,0,,2022-08-22 21:58:02
8715,254,2,Richard,,1,individuo,ayuda social/económica,,,0,0,0,,2022-08-22 21:58:10
9536,255,2,Richard,,1,individuo,patente/permiso/autorización,,,0,0,0,,2022-08-22 21:58:21
2539,256,2,Richard,,1,organización,,,"proyecto, bien/servicio",0,0,0,,2022-08-22 21:59:26
12271,257,2,Richard,,1,individuo,ayuda social/económica,,,0,0,0,,2022-08-22 21:59:42
14644,258,2,Richard,,1,individuo,infraestructura urbana/rural,,,0,0,0,,2022-08-22 22:00:11
5929,259,2,Richard,,1,individuo,patente/permiso/autorización,,,0,0,0,,2022-08-22 22:00:44
10141,260,2,Richard,,1,organización,"asistencia legal, infraestructura urbana/rural",,,0,0,0,,2022-08-22 22:04:26
10887,261,2,Richard,,1,individuo,,,,0,0,0,,2022-08-22 22:05:00
6541,262,2,Richard,,1,individuo,subvención,Corporación de desarollo,"proyecto, bien/servicio, información",0,0,0,,2022-08-22 22:07:16
11051,263,2,Richard,,1,individuo,patente/permiso/autorización,,,0,0,0,,2022-08-22 22:07:24
1757,264,2,Richard,,1,empresa,entrevista para estudio,,,0,0,0,,2022-08-22 22:09:06
1628,265,2,Richard,,1,organización,convenio,,"información, proyecto",0,0,0,,2022-08-22 22:10:22
8522,266,2,Richard,Partido Comunista de Chile,1,organización,información,,"información, proyecto",1,0,0,,2022-08-22 22:12:13
13549,267,2,Richard,,1,individuo,,Jefe de Prensa,"proyecto, bien/servicio",0,0,0,?,2022-08-22 22:17:01
9266,268,2,Richard,,1,individuo,ayuda social/económica,,,0,0,0,,2022-08-22 22:17:12
51,269,2,Richard,,1,organización,información,,bien/servicio,0,0,0,,2022-08-22 22:17:45
5103,270,2,Richard,,1,individuo,empleo,,,0,0,0,,2022-08-22 22:18:13
2610,271,2,Richard,,1,organización,subvención,,,0,0,0,,2022-08-22 22:18:30
14573,272,2,Richard,,1,individuo,patente/permiso/autorización,,,0,0,0,,2022-08-22 22:18:40
3728,273,2,Richard,,1,organización,"información, infraestructura urbana/rural",,,0,0,0,,2022-08-22 22:21:51
14094,274,2,Richard,,1,individuo,infraestructura urbana/rural,,,0,0,0,,2022-08-22 22:22:08
3980,275,2,Richard,,1,individuo,ayuda social/económica,,,0,0,0,,2022-08-22 22:22:17
14577,276,2,Richard,,1,individuo,infraestructura urbana/rural,,,0,0,0,,2022-08-22 22:24:23
4710,277,2,Richard,,1,organización,infraestructura urbana/rural,,,0,0,0,,2022-08-22 22:25:40
14470,278,2,Richard,,1,individuo,,,información,0,0,0,,2022-08-22 22:26:00
12218,279,2,Richard,,1,individuo,no especificado,,,0,0,0,,2022-08-22 22:26:13
11446,280,2,Richard,,1,individuo,vivienda,,,0,0,0,,2022-08-22 22:26:24
1047,281,2,Richard,,1,individuo,empleo,,,0,0,0,,2022-08-22 22:26:32
8534,282,2,Richard,,1,empresa,deuda de la municipalidad,,"información, bien/servicio",0,0,1,,2022-08-22 22:31:31
5462,283,2,Richard,,1,organización,transporte,,,0,0,0,,2022-08-22 22:31:44
38,284,2,Richard,,0,institución,,Oficina del Jefe de Servicios Traspasados,información,0,0,0,,2022-08-22 22:33:43
9122,285,2,Richard,,1,individuo,empleo,,,0,0,0,,2022-08-22 22:33:50
9846,286,2,Richard,,1,individuo,ayuda social/económica,,,0,0,0,,2022-08-22 22:33:58
1235,287,2,Richard,,1,individuo,patente/permiso/autorización,,,0,0,0,,2022-08-22 22:34:12
3946,288,2,Richard,,1,individuo,"ayuda social/económica, asistencia legal",,,0,0,0,,2022-08-22 22:35:05
8203,289,2,Richard,,1,empresa,,,información,0,0,0,,2022-08-22 22:35:29
9163,290,2,Richard,,1,individuo,ayuda social/económica,,,0,0,0,,2022-08-22 22:35:37
258,291,2,Richard,,1,empresa,,,"información, bien/servicio",0,0,0,,2022-08-22 22:36:31
1371,292,2,Richard,,1,empresa,,,"información, bien/servicio, proyecto",0,0,0,,2022-08-22 22:46:33
6044,293,2,Richard,,1,individuo,patente/permiso/autorización,,,0,0,0,,2022-08-22 22:46:44
10583,294,2,Richard,,1,individuo,,,bien/servicio,0,0,0,,2022-08-22 22:47:24
10500,295,2,Richard,,1,organización,infraestructura urbana/rural,,,0,0,0,,2022-08-22 22:47:48
11221,296,2,Richard,,1,individuo,vivienda,,,0,0,0,,2022-08-22 22:47:56
700,297,2,Richard,,1,individuo,materiales de construccion,,,0,0,0,,2022-08-22 22:48:16
8792,298,2,Richard,,1,individuo,materiales de construccion,,,0,0,0,,2022-08-22 22:48:27
1009,299,2,Richard,,1,individuo,empleo,,,0,0,0,,2022-08-22 22:48:33
9033,300,2,Richard,,1,individuo,ayuda social/económica,,,0,0,0,,2022-08-22 22:48:39
1958,301,2,Richard,,1,individuo,ayuda social/económica,depto. social,,0,0,0,,2022-08-22 22:49:05
12574,302,2,Richard,,1,individuo,empleo,,,0,0,0,,2022-08-22 22:49:13
6389,303,2,Richard,,0,empresa,,,,0,0,0,,2022-08-22 22:49:34
12567,304,2,Richard,,1,individuo,empleo,,,0,0,0,,2022-08-22 22:49:42
13587,305,2,Richard,,1,individuo,patente/permiso/autorización,,,0,0,0,,2022-08-22 22:49:56
9140,306,2,Richard,,1,individuo,empleo,,,0,0,0,,2022-08-22 22:50:02
2327,307,2,Richard,,1,empresa,,,bien/servicio,0,0,0,,2022-08-22 22:50:30
3895,308,2,Richard,,1,individuo,ayuda social/económica,,,0,0,0,,2022-08-22 22:50:44
11405,309,2,Richard,,1,individuo,empleo,,,0,0,0,,2022-08-22 22:50:51
763,310,2,Richard,,1,individuo,ayuda social/económica,,,0,0,0,,2022-08-22 22:51:00
9854,311,2,Richard,,1,individuo,empleo,,,0,0,0,,2022-08-22 22:51:06
7886,312,2,Richard,,1,individuo,infraestructura urbana/rural,,,0,0,0,,2022-08-22 22:51:21
7174,313,2,Richard,,1,empresa,,,"información, bien/servicio",0,0,0,,2022-08-22 22:53:25
4331,314,2,Richard,,1,organización,,,proyecto,0,0,0,,2022-08-22 22:53:38
8327,315,2,Richard,,1,organización,,,proyecto,0,0,0,,2022-08-22 22:54:19
13207,316,2,Richard,,1,organización,no especificado,,,1,0,0,,2022-08-22 22:55:20
1208,317,2,Richard,,1,organización,asistencia legal,,,0,0,0,,2022-08-22 22:56:26
7104,318,2,Richard,,1,empresa,,,bien/servicio,0,0,0,,2022-08-22 22:56:53
11336,319,2,Richard,,1,individuo,vivienda,,,0,0,0,,2022-08-22 22:57:00
3808,320,2,Richard,,1,empresa,"información, patente/permiso/autorización",,proyecto,0,0,0,,2022-08-22 22:59:48
138,321,2,Richard,,1,organización,,,proyecto,0,0,0,,2022-08-22 23:00:01
9645,322,2,Richard,,1,individuo,empleo,,información,0,0,0,,2022-08-22 23:00:14
4335,323,2,Richard,,1,organización,,,proyecto,0,0,0,,2022-08-22 23:00:34
6552,324,2,Richard,,0,empresa,,Dirección de Administración y Finanzas,,0,0,0,,2022-08-22 23:01:13
9488,325,2,Richard,,1,individuo,patente/permiso/autorización,,,0,0,0,,2022-08-22 23:01:21
11829,326,2,Richard,,1,individuo,ayuda social/económica,,,0,0,0,,2022-08-22 23:01:28
7263,327,2,Richard,,1,individuo,patente/permiso/autorización,,,0,0,0,,2022-08-22 23:01:40
5515,328,2,Richard,,1,organización,patente/permiso/autorización,,información,0,0,0,,2022-08-22 23:01:57
10621,329,2,Richard,,1,empresa,,DEPTO DE ADMINISTRACION Y FINANZAS,bien/servicio,0,0,0,,2022-08-22 23:02:26
2319,330,2,Richard,,1,empresa,,,proyecto,0,0,0,,2022-08-22 23:03:12
4836,331,2,Richard,,1,institución,,,información,0,0,0,,2022-08-22 23:03:38
14805,332,2,Richard,,1,individuo,empleo,,,0,0,0,,2022-08-22 23:03:50
8158,333,2,Richard,,1,individuo,,,proyecto,0,0,0,,2022-08-22 23:04:03
618,334,2,Richard,,1,individuo,ayuda social/económica,,,0,0,0,,2022-08-22 23:04:23
11724,335,2,Richard,,1,individuo,ayuda social/económica,,,0,0,0,,2022-08-22 23:04:29
13515,336,2,Richard,,1,empresa,,Dirección de salud,"información, bien/servicio, proyecto",0,0,0,,2022-08-22 23:06:11
9581,337,2,Richard,,1,individuo,empleo,,,0,0,0,,2022-08-22 23:06:22
16,338,2,Richard,,1,individuo,,DIDECO,proyecto,0,0,0,,2022-08-22 23:07:32
14274,339,2,Richard,,1,empresa,infraestructura urbana/rural,,,0,0,0,,2022-08-22 23:08:23
3639,340,2,Richard,,1,individuo,,"ADMINISTRADOR MUNICIPAL, DIPROCIG",,0,0,1,?,2022-08-22 23:10:07
10336,341,2,Richard,,1,individuo,,,presente,0,0,0,,2022-08-22 23:10:23
1560,342,2,Richard,,1,empresa,,,bien/servicio,0,0,0,,2022-08-22 23:10:50
14134,343,2,Richard,,1,individuo,empleo,,,0,0,0,,2022-08-22 23:10:59
2746,344,2,Richard,,1,,,,,0,0,0,?,2022-08-22 23:12:40
6312,345,2,Richard,,1,empresa,no especificado,,"información, proyecto",0,0,0,,2022-08-22 23:13:58
10637,346,2,Richard,,1,organización,alianza,,"información, proyecto",0,0,0,,2022-08-22 23:35:03
13799,347,2,Richard,,1,individuo,infraestructura urbana/rural,,proyecto,0,0,0,?,2022-08-22 23:36:14
6756,348,2,Richard,,1,organización,patente/permiso/autorización,,información,0,0,0,,2022-08-22 23:37:00
6897,349,2,Richard,,1,organización,"subvención, infraestructura urbana/rural",,,0,0,0,,2022-08-22 23:37:43
882,350,2,Richard,,1,individuo,ayuda social/económica,,,0,0,0,,2022-08-22 23:37:50
3393,351,2,Richard,,1,individuo,infraestructura urbana/rural,,,0,0,0,?,2022-08-22 23:38:28
13216,352,2,Richard,Roberto Neira Aburto,1,,,,,0,0,0,?,2022-08-22 23:38:47
4012,353,2,Richard,,1,individuo,ayuda social/económica,,,0,0,0,,2022-08-22 23:39:19
13732,354,2,Richard,,1,individuo,empleo,,,0,0,0,,2022-08-22 23:39:30
9632,355,2,Richard,,1,individuo,patente/permiso/autorización,,,0,0,0,,2022-08-22 23:39:37
4048,356,2,Richard,,1,organización,información,,proyecto,0,0,0,,2022-08-22 23:40:31
14743,357,2,Richard,,1,individuo,empleo,,,0,0,0,,2022-08-22 23:40:38
4008,358,2,Richard,,1,individuo,ayuda social/económica,,,0,0,0,,2022-08-22 23:40:47
2613,359,2,Richard,,1,organización,subvención,,,0,0,0,,2022-08-22 23:41:10
14191,360,2,Richard,,1,individuo,,,"proyecto, bien/servicio",0,0,0,,2022-08-22 23:41:50
2766,361,2,Richard,,1,individuo,patente/permiso/autorización,,,0,0,0,,2022-08-22 23:42:05
11511,362,2,Richard,,1,individuo,no especificado,,,0,0,0,,2022-08-22 23:42:52
11746,363,2,Richard,,1,individuo,ayuda social/económica,,,0,0,0,,2022-08-22 23:42:57
2732,364,2,Richard,,1,individuo,"patente/permiso/autorización, ayuda con postulacion",,,0,0,0,,2022-08-22 23:43:25
14077,365,2,Richard,,1,individuo,fiscalización,,,0,0,0,,2022-08-22 23:44:38
11021,366,2,Richard,,1,individuo,ayuda social/económica,,,0,0,0,,2022-08-22 23:45:00
14960,367,2,Richard,,1,individuo,deuda de la municipalidad,,,0,0,1,,2022-08-22 23:46:12
3844,368,2,Richard,,1,individuo,ayuda con postulacion,DIDECO,,0,0,0,?,2022-08-22 23:46:53
1462,369,2,Richard,,1,individuo,empleo,,,0,0,0,,2022-08-22 23:47:02
9683,370,2,Richard,,1,individuo,ayuda social/económica,,,0,0,0,,2022-08-22 23:47:08
5297,371,2,Richard,OFICINAS DE ENEL,1,empresa,"no especificado, infraestructura urbana/rural",,,0,0,0,,2022-08-22 23:49:51
11995,372,2,Richard,,1,individuo,vivienda,,,0,0,0,,2022-08-22 23:50:04
14286,373,2,Richard,,1,individuo,practica profesional,,,0,0,0,,2022-08-22 23:50:18
1343,374,2,Richard,,1,empresa,,,información,1,0,0,,2022-08-22 23:51:42
840,375,2,Richard,,1,individuo,vivienda,,,0,0,0,,2022-08-22 23:51:48
9678,376,2,Richard,,1,individuo,empleo,,,0,0,0,,2022-08-22 23:51:54
80,377,2,Richard,,1,organización,infraestructura urbana/rural,,,0,0,0,,2022-08-22 23:52:09
14182,378,2,Richard,,1,individuo,infraestructura urbana/rural,,,0,0,0,,2022-08-22 23:52:20
5855,379,2,Richard,,1,individuo,infraestructura urbana/rural,,,0,0,0,,2022-08-22 23:52:30
11169,380,2,Richard,,1,individuo,patente/permiso/autorización,,,0,0,0,,2022-08-22 23:52:38
5195,381,2,Richard,,1,institución,,,proyecto,0,0,0,?,2022-08-22 23:55:25
5314,382,2,Richard,,1,empresa,,,,0,0,0,,2022-08-22 23:56:03
10485,383,2,Richard,,1,organización,no especificado,,información,0,0,0,,2022-08-22 23:56:49
13685,384,2,Richard,,1,individuo,no especificado,,,0,0,0,,2022-08-22 23:57:12
10844,385,2,Richard,,1,organización,,,proyecto,0,0,0,,2022-08-22 23:57:37
4084,386,2,Richard,,1,organización,asistencia legal,,,0,0,0,?,2022-08-22 23:57:53
11238,387,2,Richard,,1,individuo,ayuda social/económica,,,0,0,0,,2022-08-22 23:58:03
1653,388,2,Richard,,1,individuo,"empleo, ayuda social/económica",,,0,0,0,,2022-08-22 23:58:20
10707,389,2,Richard,,1,organización,no especificado,,información,0,0,0,,2022-08-22 23:59:05
2984,390,2,Richard,,1,organización,subvención,Administración municipal,,0,0,0,,2022-08-22 23:59:43
14570,391,2,Richard,,1,individuo,"infraestructura urbana/rural, ayuda social/económica",,,0,0,0,,2022-08-23 00:00:08
7083,392,2,Richard,,1,empresa,,,bien/servicio,0,0,0,,2022-08-23 00:00:26
5203,393,2,Richard,,1,empresa,,,bien/servicio,0,0,0,,2022-08-23 00:00:55
4731,394,2,Richard,,1,organización,asistencia legal,,,0,0,0,,2022-08-23 00:01:32
6341,395,2,Richard,,1,empresa,deuda de la municipalidad,,,0,0,0,,2022-08-23 00:02:05
15040,396,2,Richard,,1,individuo,transporte,,,0,0,0,,2022-08-23 00:02:44
12114,397,2,Richard,,1,individuo,vivienda,,,0,0,0,,2022-08-23 00:02:51
11262,398,2,Richard,,1,individuo,patente/permiso/autorización,,,0,0,0,,2022-08-23 00:03:00
3314,399,2,Richard,,1,organización,no especificado,,,0,0,0,,2022-08-23 00:03:50
12913,400,2,Richard,,1,individuo,ayuda social/económica,,,0,0,0,,2022-08-23 00:03:58
13910,401,2,Richard,,1,individuo,empleo,,,0,0,0,,2022-08-23 00:04:05
7204,402,2,Richard,,1,individuo,información,,proyecto,0,0,0,,2022-08-23 00:04:55
2492,403,2,Richard,,1,empresa,,,información,0,0,0,,2022-08-23 00:05:12
2360,404,2,Richard,,1,empresa,,,"información, bien/servicio",0,0,0,,2022-08-23 00:05:54
13911,405,2,Richard,,1,organización,patente/permiso/autorización,,,0,0,0,,2022-08-23 00:06:35
5208,406,2,Richard,,1,empresa,"ayuda con postulacion, respaldo alcaldia",,proyecto,0,0,0,,2022-08-23 00:11:27
12839,407,2,Richard,,1,individuo,ayuda social/económica,,,0,0,0,,2022-08-23 00:11:37
7008,408,2,Richard,,1,organización,"infraestructura urbana/rural, no especificado",,,0,0,0,,2022-08-23 00:12:03
12917,409,2,Richard,,1,individuo,ayuda social/económica,,,0,0,0,,2022-08-23 00:12:12
7145,410,2,Richard,,1,empresa,,,información,1,0,0,,2022-08-23 00:12:43
14244,411,2,Richard,,1,individuo,transporte,,,0,0,0,,2022-08-23 19:10:40
790,412,2,Richard,,1,individuo,ayuda social/económica,,,0,0,0,,2022-08-23 19:11:14
4056,413,2,Richard,,1,individuo,ayuda social/económica,,,0,0,0,,2022-08-23 19:11:28
14393,414,2,Richard,,1,individuo,fiscalización,,información,0,0,0,,2022-08-23 20:23:25
3828,415,2,Richard,,1,individuo,"asistencia legal, empleo",,,0,0,0,,2022-08-23 20:24:09
7837,416,2,Richard,,1,empresa,ayuda social/económica,,información,0,0,1,,2022-08-23 20:26:30
3918,417,2,Richard,,1,individuo,patente/permiso/autorización,,información,0,0,0,,2022-08-23 20:26:49
11516,418,2,Richard,,1,individuo,información,,,0,0,0,,2022-08-23 20:27:20
7349,419,2,Richard,,1,individuo,practica profesional,,,0,0,0,,2022-08-23 20:27:55
9820,420,2,Richard,,1,individuo,ayuda social/económica,,,0,0,0,,2022-08-23 20:28:24
3544,421,2,Richard,,1,individuo,no especificado,DOM (Direccion de obras),,0,0,1,,2022-08-23 20:57:16
10024,422,2,Richard,,1,empresa,fiscalización,,"información, proyecto",0,0,0,,2022-08-23 21:03:12
13854,423,2,Richard,,1,individuo,infraestructura urbana/rural,,información,0,0,0,,2022-08-23 21:03:29
7396,424,2,Richard,,1,individuo,no especificado,,información,0,0,0,,2022-08-23 21:03:59
2512,425,2,Richard,,1,individuo,,,información,0,0,1,,2022-08-23 21:04:46
1695,426,2,Richard,,1,individuo,empleo,,,0,0,0,,2022-08-23 21:04:54
8874,427,2,Richard,,1,individuo,ayuda social/económica,,,0,0,0,,2022-08-23 21:05:05
11885,428,2,Richard,,1,individuo,empleo,,,0,0,0,,2022-08-23 21:05:13
10781,429,2,Richard,,1,empresa,convenio,,proyecto,0,0,0,,2022-08-23 21:06:40
294,430,2,Richard,,1,individuo,empleo,,,0,0,0,,2022-08-23 21:06:49
5754,431,2,Richard,,1,individuo,"asistencia legal, patente/permiso/autorización",,,0,0,0,,2022-08-23 21:07:09
1382,432,2,Richard,,1,organización,subvención,,proyecto,0,0,0,,2022-08-23 21:08:49
3367,433,2,Richard,,1,empresa,,,proyecto,0,0,0,,2022-08-23 21:09:31
3910,434,2,Richard,,1,individuo,ayuda social/económica,,,0,0,0,,2022-08-23 21:09:48
2785,435,2,Richard,,1,individuo,vivienda,,,0,0,0,,2022-08-23 21:10:03
7216,436,2,Richard,,1,empresa,,,proyecto,0,0,0,,2022-08-23 21:10:38
6915,437,2,Richard,,1,organización,ayuda social/económica,,,0,0,0,,2022-08-23 21:10:57
1336,438,2,Richard,,0,empresa,,,bien/servicio,0,0,0,,2022-08-23 21:11:37
9887,439,2,Richard,,1,individuo,,,proyecto,0,0,0,,2022-08-23 21:11:58
2563,440,2,Richard,,1,empresa,,,"bien/servicio, información",0,0,0,,2022-08-23 21:12:25
603,441,2,Richard,,1,individuo,ayuda social/económica,,,0,0,0,,2022-08-23 21:12:32
2989,442,2,Richard,,1,individuo,empleo,,,0,0,0,,2022-08-23 21:12:43
13228,443,2,Richard,Roberto Neira Aburto,1,individuo,,,"información, proyecto",0,0,0,?,2022-08-23 21:13:10
4270,444,2,Richard,,1,organización,,,proyecto,0,0,0,,2022-08-23 21:13:30
216,445,2,Richard,,1,individuo,no especificado,,,0,0,1,?,2022-08-23 21:15:10
13914,446,2,Richard,,1,individuo,no especificado,,,0,0,0,,2022-08-23 21:15:32
11416,447,2,Richard,,1,individuo,practica profesional,,,0,0,0,,2022-08-23 21:15:43
8254,448,2,Richard,,1,organización,vivienda,,información,1,0,0,,2022-08-23 21:16:24
1968,449,2,Richard,,1,individuo,"material construccion, ayuda social/económica",depto. social,,0,0,0,,2022-08-23 21:17:15
30,450,2,Richard,,1,empresa,,,bien/servicio,0,0,0,,2022-08-23 21:17:50
10181,451,2,Richard,,1,individuo,vivienda,,,0,0,0,,2022-08-23 21:18:01
12336,452,2,Richard,,1,individuo,ayuda social/económica,,,0,0,0,,2022-08-23 21:18:08
7911,453,2,Richard,,1,organización,"patente/permiso/autorización, infraestructura urbana/rural",,proyecto,0,0,0,,2022-08-23 21:18:59
9617,454,2,Richard,,1,individuo,patente/permiso/autorización,,,0,0,0,,2022-08-23 21:19:08
7593,455,2,Richard,,1,individuo,"subvención, ayuda social/económica",,,0,0,0,,2022-08-23 21:19:51
12743,456,2,Richard,,1,individuo,empleo,,,0,0,0,,2022-08-23 21:19:58
4915,457,2,Richard,,1,organización,,DIDECO,proyecto,0,0,0,,2022-08-23 21:20:51
5942,458,2,Richard,,1,organización,subvención,,,0,0,0,,2022-08-23 21:21:15
10001,459,2,Richard,,1,individuo,no especificado,,,0,0,0,?,2022-08-23 21:22:03
3007,460,2,Richard,,1,empresa,,Administración municipal,bien/servicio,0,0,0,,2022-08-23 21:23:12
11124,461,2,Richard,,1,individuo,empleo,,,0,0,0,,2022-08-23 21:23:20
4011,462,2,Richard,,1,organización,no especificado,,información,0,0,0,,2022-08-23 21:24:05
4552,463,2,Richard,,1,empresa,,,,1,0,0,,2022-08-23 21:24:17
2851,464,2,Richard,,1,individuo,ayuda social/económica,,,0,0,0,,2022-08-23 21:24:28
9010,465,2,Richard,,1,individuo,empleo,,,0,0,0,,2022-08-23 21:24:36
1885,466,2,Richard,,1,individuo,empleo,OMIL (Información laboral),,0,0,0,,2022-08-23 21:24:48
6940,467,2,Richard,,1,organización,,,"información, proyecto",0,0,0,,2022-08-23 21:25:24
10460,468,2,Richard,,1,organización,"infraestructura urbana/rural, presencia autoridad política",,proyecto,0,0,0,,2022-08-23 21:26:19
13955,469,2,Richard,,1,individuo,asistencia legal,,,0,0,0,,2022-08-23 21:26:45
5953,470,2,Richard,,1,organización,"no especificado, infraestructura urbana/rural",,,0,0,0,,2022-08-23 21:27:30
14152,471,2,Richard,,1,individuo,empleo,,,0,0,0,,2022-08-23 21:27:37
5225,472,2,Richard,,1,empresa,fiscalización,,,0,0,0,,2022-08-23 21:28:53
4956,473,2,Richard,,1,organización,no especificado,,,0,0,0,,2022-08-23 21:29:35
12814,474,2,Richard,,1,individuo,empleo,,,0,0,0,,2022-08-23 21:29:43
8929,475,2,Richard,,1,individuo,ayuda social/económica,,,0,0,0,,2022-08-23 21:29:52
6754,476,2,Richard,,1,institución,subvención,,,1,0,1,,2022-08-23 21:30:40
15057,477,2,Richard,,1,individuo,empleo,,,0,0,0,,2022-08-23 21:30:47
1186,478,2,Richard,,1,organización,empleo,,información,0,0,0,,2022-08-23 21:31:22
3785,479,2,Richard,,1,individuo,infraestructura urbana/rural,,,0,0,0,,2022-08-23 21:31:43
2864,480,2,Richard,,1,individuo,"no especificado, ayuda social/económica",,,0,0,0,,2022-08-23 21:32:06
5141,481,2,Richard,,1,organización,,,"información, proyecto",0,0,0,,2022-08-23 21:32:34
5471,482,2,Richard,,1,organización,,,información,1,0,0,,2022-08-23 21:37:49
1513,483,2,Richard,,1,individuo,,,"información, proyecto",0,0,0,,2022-08-23 21:38:36
6918,484,2,Richard,,1,organización,,,,0,0,0,?,2022-08-23 21:38:52
11016,485,2,Richard,,1,individuo,ayuda social/económica,,,0,0,0,,2022-08-23 21:39:00
13870,486,2,Richard,,1,individuo,,Dirección Ambiental Municipal,información,0,0,0,,2022-08-23 21:39:43
7414,487,2,Richard,,1,individuo,empleo,,,0,0,0,,2022-08-23 21:39:53
2648,488,2,Richard,,1,organización,"no especificado, presencia autoridad política",,,0,0,0,,2022-08-23 21:40:52
1299,489,2,Richard,,0,institución,"infraestructura urbana/rural, no especificado",,,0,0,0,,2022-08-23 21:42:28
14435,490,2,Richard,,1,individuo,ayuda social/económica,alcalde subrogante,,0,0,0,,2022-08-23 21:42:53
12576,491,2,Richard,,1,individuo,ayuda social/económica,,,0,0,0,,2022-08-23 21:43:03
2222,492,2,Richard,,1,empresa,información,,,0,0,0,,2022-08-23 21:44:08
14284,493,2,Richard,,1,organización,transporte,,,0,0,0,,2022-08-23 21:44:16
9119,494,2,Richard,,1,individuo,patente/permiso/autorización,,,0,0,0,,2022-08-23 21:44:26
10422,495,2,Richard,,1,organización,"infraestructura urbana/rural, no especificado",,,0,0,0,,2022-08-23 21:44:50
265,496,2,Richard,,1,individuo,infraestructura urbana/rural,,,0,0,0,,2022-08-23 21:45:18
14986,497,2,Richard,,1,individuo,fiscalización,,información,0,0,0,,2022-08-23 21:45:46
4224,498,2,Richard,,1,empresa,,,bien/servicio,0,0,0,,2022-08-23 21:46:12
15,499,2,Richard,,1,individuo,fiscalización,Dirección de tránsito,,0,0,0,,2022-08-23 21:46:58
15017,500,2,Richard,,1,individuo,patente/permiso/autorización,,,0,0,0,,2022-08-23 21:47:19
12516,501,2,Richard,,1,individuo,ayuda social/económica,,,0,0,0,,2022-08-23 21:47:31
3814,502,2,Richard,,1,empresa,,,"bien/servicio, información",0,0,0,,2022-08-23 21:47:49
14224,503,2,Richard,,1,individuo,empleo,,,0,0,0,,2022-08-23 21:48:03
13865,504,2,Richard,,1,individuo,empleo,,,0,0,0,,2022-08-23 21:48:13
642,505,2,Richard,,1,individuo,patente/permiso/autorización,,,0,0,0,,2022-08-23 21:48:20
13972,506,2,Richard,,1,individuo,patente/permiso/autorización,,,0,0,0,,2022-08-23 21:48:29
6517,507,2,Richard,,1,individuo,no especificado,,,0,0,0,,2022-08-23 21:48:57
13660,508,2,Richard,,1,empresa,,Dirección de seguridad,bien/servicio,0,0,0,,2022-08-23 21:49:20
1686,509,2,Richard,,1,empresa,,Oficina de Secplan,"proyecto, bien/servicio",0,0,0,,2022-08-23 21:50:02
10165,510,2,Richard,,1,individuo,infraestructura urbana/rural,,,0,0,0,,2022-08-23 21:50:45
5200,511,2,Richard,,1,empresa,,,"bien/servicio, información",0,0,0,,2022-08-23 22:52:10
4989,512,2,Richard,,1,individuo,,,"información, proyecto",0,0,0,,2022-08-23 22:54:26
15174,513,2,Richard,,1,empresa,patente/permiso/autorización,,,0,0,0,,2022-08-23 22:54:40
2873,514,2,Richard,,1,empresa,,,información,1,0,0,,2022-08-23 22:54:50
12148,515,2,Richard,,1,individuo,ayuda social/económica,,,0,0,0,,2022-08-23 22:55:01
5562,516,2,Richard,,1,organización,infraestructura urbana/rural,,,0,0,0,,2022-08-23 22:55:36
2527,517,2,Richard,,1,empresa,,,"proyecto, bien/servicio",0,0,0,,2022-08-23 22:56:08
11162,518,2,Richard,,1,individuo,patente/permiso/autorización,,,0,0,0,,2022-08-23 22:56:25
1086,519,2,Richard,,1,individuo,empleo,,,0,0,0,,2022-08-23 22:56:32
3491,520,2,Richard,,1,individuo,,COMUDEF,proyecto,0,0,0,,2022-08-23 22:57:04
9468,521,2,Richard,,1,individuo,ayuda social/económica,,,0,0,0,,2022-08-23 22:57:13
4436,522,2,Richard,,1,organización,infraestructura urbana/rural,,información,0,0,0,,2022-08-23 22:57:39
13938,523,2,Richard,,1,individuo,infraestructura urbana/rural,DOM (Direccion de obras),,0,0,0,?,2022-08-23 22:58:50
4345,524,2,Richard,,1,empresa,,,"bien/servicio, información",0,0,0,,2022-08-23 22:59:11
4465,525,2,Richard,,1,individuo,empleo,,información,0,0,0,,2022-08-23 22:59:34
1124,526,2,Richard,,1,institución,,,,1,0,0,,2022-08-23 22:59:48
5800,527,2,Richard,,1,individuo,no especificado,,información,0,0,0,,2022-08-23 23:02:33
6995,528,2,Richard,,1,organización,subvención,,,0,0,0,,2022-08-23 23:02:45
5865,529,2,Richard,,1,individuo,infraestructura urbana/rural,,,0,0,0,,2022-08-23 23:02:52
6560,530,2,Richard,,1,individuo,,,proyecto,0,0,0,?,2022-08-23 23:03:28
11130,531,2,Richard,,1,individuo,no especificado,,,0,0,0,,2022-08-23 23:03:40
11071,532,2,Richard,,1,individuo,ayuda social/económica,,,0,0,0,,2022-08-23 23:03:48
577,533,2,Richard,,1,individuo,no especificado,,,0,0,0,,2022-08-23 23:04:31
12031,534,2,Richard,,1,individuo,vivienda,,,0,0,0,,2022-08-23 23:04:38
15072,535,2,Richard,,1,organización,"información, infraestructura urbana/rural, fiscalización",,información,0,0,0,,2022-08-23 23:05:43
10674,536,2,Richard,,1,individuo,no especificado,,,0,0,0,,2022-08-23 23:06:43
6026,537,2,Richard,,1,individuo,infraestructura urbana/rural,,,0,0,0,,2022-08-23 23:06:52
7046,538,2,Richard,,1,institución,,,"información, proyecto",0,0,0,,2022-08-23 23:08:03
7020,539,2,Richard,,1,individuo,información,,"proyecto, información",0,1,0,,2022-08-23 23:09:16
6660,540,2,Richard,,1,organización,infraestructura urbana/rural,,proyecto,1,0,0,,2022-08-23 23:10:06
8553,541,2,Richard,,1,organización,infraestructura urbana/rural,,información,0,0,0,,2022-08-23 23:10:44
11303,542,2,Richard,,1,individuo,empleo,,,0,0,0,,2022-08-23 23:10:50
14637,543,2,Richard,,1,individuo,empleo,,,0,0,0,,2022-08-23 23:10:58
131,544,2,Richard,,1,organización,,,información,0,0,0,,2022-08-23 23:11:24
13132,545,2,Richard,,1,individuo,no especificado,,,0,0,0,,2022-08-23 23:11:47
174,546,2,Richard,,1,organización,,,información,0,0,0,,2022-08-23 23:12:17
15097,547,2,Richard,,1,organización,subvención,,información,1,0,0,,2022-08-23 23:12:55
2208,548,2,Richard,,1,individuo,,,terreno,0,0,0,?,2022-08-23 23:13:23
6133,549,2,Richard,,1,individuo,infraestructura urbana/rural,,,0,0,0,,2022-08-23 23:13:36
10469,550,2,Richard,,1,organización,infraestructura urbana/rural,,información,0,0,0,,2022-08-23 23:14:08
1857,551,2,Richard,,TRUE,individuo,ayuda social/económica,JUZGADO DE POLICIA LOCAL,,FALSE,0,0,,2022-08-23 23:43:52
12330,552,2,Richard,,TRUE,individuo,ayuda social/económica,,,FALSE,FALSE,FALSE,,2022-08-23 23:47:24
11948,553,2,Richard,,TRUE,individuo,vivienda,,,FALSE,FALSE,FALSE,,2022-08-24 01:02:54
7711,554,2,Richard,,TRUE,organización,,,"información, proyecto",FALSE,FALSE,FALSE,,2022-08-24 01:04:45
7820,555,2,Richard,,TRUE,organización,"patente/permiso/autorización, información",,información,TRUE,TRUE,FALSE,,2022-08-24 01:06:01
9637,556,2,Richard,,TRUE,individuo,patente/permiso/autorización,,,FALSE,FALSE,FALSE,,2022-08-24 01:06:10
14554,557,2,Richard,,TRUE,individuo,,,bien/servicio,FALSE,FALSE,FALSE,,2022-08-24 01:06:47
5392,558,2,Richard,,TRUE,organización,,,información,FALSE,FALSE,FALSE,,2022-08-24 01:07:09
14925,559,2,Richard,,TRUE,individuo,vivienda,,,FALSE,FALSE,FALSE,,2022-08-24 01:07:22
3264,560,2,Richard,,TRUE,empresa,,,"información, proyecto",FALSE,FALSE,FALSE,,2022-08-24 01:08:34
2597,561,2,Richard,,TRUE,organización,infraestructura urbana/rural,,,FALSE,FALSE,FALSE,,2022-08-24 01:10:24
41,562,2,Richard,,TRUE,individuo,,Secretaria Comunal de Planificacion,proyecto,FALSE,FALSE,FALSE,,2022-08-24 01:10:56
7123,563,2,Richard,,TRUE,empresa,no especificado,,,FALSE,FALSE,FALSE,,2022-08-24 01:11:28
7037,564,2,Richard,,TRUE,organización,,,información,TRUE,FALSE,FALSE,,2022-08-24 01:11:45
6368,565,2,Richard,,FALSE,empresa,,Comunicaciones,,FALSE,FALSE,FALSE,,2022-08-24 01:12:10
5659,566,2,Richard,,TRUE,institución,transporte,,,FALSE,FALSE,FALSE,,2022-08-24 01:12:33
13333,567,2,Richard,Roberto Neira Aburto,TRUE,individuo,no especificado,DIDECO,,FALSE,FALSE,FALSE,?,2022-08-24 01:12:58
3360,568,2,Richard,,TRUE,institución,subvención,,,FALSE,FALSE,FALSE,,2022-08-24 01:13:53
5939,569,2,Richard,,TRUE,individuo,ayuda administrativa,,,FALSE,FALSE,FALSE,,2022-08-24 01:14:37
5115,570,2,Richard,,TRUE,individuo,,,,FALSE,FALSE,FALSE,,2022-08-24 01:15:07
11971,571,2,Richard,,TRUE,individuo,ayuda social/económica,,,FALSE,FALSE,FALSE,,2022-08-24 01:15:15
8828,572,2,Richard,,TRUE,individuo,patente/permiso/autorización,,,FALSE,FALSE,FALSE,,2022-08-24 01:16:08
6424,573,2,Richard,,FALSE,empresa,,Administración municipal,información,TRUE,FALSE,FALSE,,2022-08-24 01:16:50
6489,574,2,Richard,,FALSE,individuo,,,,FALSE,FALSE,FALSE,,2022-08-24 01:17:00
9969,575,2,Richard,,TRUE,individuo,,,"bien/servicio, proyecto",FALSE,FALSE,FALSE,,2022-08-24 01:17:27
14994,576,2,Richard,,TRUE,individuo,empleo,,,FALSE,FALSE,FALSE,,2022-08-24 01:17:37
486,577,2,Richard,,TRUE,individuo,infraestructura urbana/rural,,,FALSE,FALSE,FALSE,?,2022-08-24 01:17:58
13490,578,2,Richard,,TRUE,organización,"infraestructura urbana/rural, presencia autoridad política",SECPLA,,FALSE,FALSE,FALSE,,2022-08-24 01:18:31
7220,579,2,Richard,,TRUE,individuo,empleo,,,FALSE,FALSE,FALSE,,2022-08-24 01:18:40
228,580,2,Richard,,TRUE,organización,,,información,TRUE,FALSE,FALSE,,2022-08-24 01:18:54
10219,581,2,Richard,,TRUE,individuo,denunica,,,FALSE,FALSE,FALSE,,2022-08-24 01:20:37
8041,582,2,Richard,,TRUE,individuo,,,,FALSE,FALSE,FALSE,,2022-08-24 01:20:50
2773,583,2,Richard,,TRUE,individuo,patente/permiso/autorización,,,FALSE,FALSE,FALSE,,2022-08-24 01:21:03
14581,584,2,Richard,,TRUE,individuo,información,,,FALSE,FALSE,FALSE,,2022-08-24 01:21:15
8453,585,2,Richard,,TRUE,individuo,ayuda social/económica,,,FALSE,FALSE,FALSE,,2022-08-24 01:21:26
2857,586,2,Richard,,TRUE,individuo,ayuda social/económica,,,FALSE,FALSE,FALSE,?,2022-08-24 01:22:08
7708,587,2,Richard,,TRUE,organización,infraestructura urbana/rural,,,FALSE,TRUE,FALSE,,2022-08-24 01:23:05
8278,588,2,Richard,,TRUE,organización,"subvención, infraestructura urbana/rural",,proyecto,FALSE,FALSE,FALSE,,2022-08-24 01:23:48
5901,589,2,Richard,,TRUE,individuo,ayuda administrativa,,,FALSE,FALSE,FALSE,,2022-08-24 01:24:06
10104,590,2,Richard,,TRUE,empresa,,,"bien/servicio, información",FALSE,FALSE,FALSE,,2022-08-24 01:24:44
7069,591,2,Richard,,TRUE,individuo,empleo,,proyecto,FALSE,FALSE,FALSE,,2022-08-24 01:24:57
1211,592,2,Richard,,TRUE,individuo,"infraestructura urbana/rural, no especificado",,,FALSE,FALSE,FALSE,,2022-08-24 01:25:47
6682,593,2,Richard,,TRUE,organización,"información, infraestructura urbana/rural",,proyecto,FALSE,FALSE,FALSE,,2022-08-24 01:27:10
1323,594,2,Richard,,FALSE,institución,"subvención, infraestructura urbana/rural",,,FALSE,FALSE,FALSE,,2022-08-24 01:27:56
4825,595,2,Richard,,TRUE,empresa,,Dirección medioambiente,"bien/servicio, proyecto",FALSE,FALSE,FALSE,,2022-08-24 01:30:05
15146,596,2,Richard,,TRUE,individuo,,,,FALSE,FALSE,FALSE,?,2022-08-24 01:30:20
10835,597,2,Richard,,FALSE,institución,,Administración municipal,"convenio, bien/servicio, proyecto",FALSE,FALSE,FALSE,,2022-08-24 01:31:45
3884,598,2,Richard,,TRUE,individuo,ayuda social/económica,,,FALSE,FALSE,FALSE,,2022-08-24 01:31:57
1811,599,2,Richard,,TRUE,individuo,empleo,,,FALSE,FALSE,FALSE,,2022-08-24 01:32:08
9728,600,2,Richard,,TRUE,individuo,patente/permiso/autorización,,,FALSE,FALSE,FALSE,,2022-08-24 01:32:15
1508,601,2,Richard,,TRUE,individuo,,,,FALSE,FALSE,FALSE,?,2022-08-24 01:42:41
5269,602,2,Richard,,TRUE,empresa,,,información,FALSE,FALSE,FALSE,,2022-08-24 01:43:20
12957,603,2,Richard,,TRUE,organización,infraestructura urbana/rural,,información,FALSE,FALSE,FALSE,,2022-08-24 01:45:18
12415,604,2,Richard,,TRUE,individuo,ayuda social/económica,,,FALSE,FALSE,FALSE,,2022-08-24 01:45:28
15067,605,2,Richard,,TRUE,organización,espacio/lugar,,"información, proyecto",TRUE,FALSE,FALSE,,2022-08-24 01:46:07
5920,606,2,Richard,,TRUE,individuo,denuncia,,,FALSE,FALSE,FALSE,,2022-08-24 01:46:36
7231,607,2,Richard,,TRUE,individuo,transporte,,,FALSE,FALSE,FALSE,,2022-08-24 01:46:47
6649,608,2,Richard,,TRUE,organización,"infraestructura urbana/rural, subvención",,proyecto,FALSE,FALSE,FALSE,,2022-08-24 01:47:40
10584,609,2,Richard,,TRUE,individuo,,,proyecto,FALSE,FALSE,FALSE,,2022-08-24 01:48:21
12468,610,2,Richard,,TRUE,individuo,ayuda social/económica,,,FALSE,FALSE,FALSE,,2022-08-24 01:48:32
3730,611,2,Richard,,TRUE,institución,infraestructura urbana/rural,,,FALSE,FALSE,FALSE,,2022-08-24 01:48:46
8011,612,2,Richard,,TRUE,organización,no especificado,,,FALSE,FALSE,FALSE,,2022-08-24 01:49:09
4377,613,2,Richard,,TRUE,empresa,,,"información, bien/servicio",FALSE,FALSE,FALSE,,2022-08-24 01:49:28
1485,614,2,Richard,,TRUE,individuo,empleo,,,FALSE,FALSE,FALSE,,2022-08-24 01:49:47
2828,615,2,Richard,,TRUE,individuo,"no especificado, infraestructura urbana/rural",,,FALSE,FALSE,FALSE,,2022-08-24 01:50:10
3188,616,2,Richard,,TRUE,organización,,,información,FALSE,FALSE,FALSE,,2022-08-24 01:50:33
12107,617,2,Richard,,TRUE,individuo,vivienda,,,FALSE,FALSE,FALSE,,2022-08-24 01:50:44
6990,618,2,Richard,,TRUE,organización,información,,,FALSE,FALSE,FALSE,?,2022-08-24 01:51:30
2695,619,2,Richard,,TRUE,individuo,"patente/permiso/autorización, ayuda social/económica",,,FALSE,FALSE,FALSE,,2022-08-24 01:51:45
6330,620,2,Richard,,TRUE,empresa,no especificado,,,FALSE,FALSE,FALSE,,2022-08-24 01:52:04
3037,621,2,Richard,,TRUE,empresa,presencia autoridad política,,,FALSE,FALSE,FALSE,,2022-08-24 01:52:28
10053,622,2,Richard,,TRUE,organización,asistencia legal,,información,FALSE,FALSE,FALSE,,2022-08-24 01:52:58
9068,623,2,Richard,,TRUE,individuo,empleo,,,FALSE,FALSE,FALSE,,2022-08-24 01:53:08
7767,624,2,Richard,,TRUE,organización,"infraestructura urbana/rural, alianza",,proyecto,FALSE,FALSE,FALSE,,2022-08-24 01:54:45
3388,625,2,Richard,,TRUE,individuo,,,"información, proyecto",FALSE,FALSE,FALSE,,2022-08-24 01:55:07
1296,626,2,Richard,,TRUE,empresa,,,proyecto,FALSE,FALSE,FALSE,,2022-08-24 01:55:31
12277,627,2,Richard,,TRUE,individuo,patente/permiso/autorización,,,FALSE,FALSE,FALSE,,2022-08-24 01:55:41
7488,628,2,Richard,,TRUE,individuo,empleo,,,FALSE,FALSE,FALSE,?,2022-08-24 01:56:11
2257,629,2,Richard,,TRUE,empresa,,,"información, proyecto",FALSE,FALSE,FALSE,,2022-08-24 01:56:30
14999,630,2,Richard,,TRUE,individuo,transporte,,,FALSE,FALSE,FALSE,,2022-08-24 01:56:41
9983,631,2,Richard,,TRUE,empresa,,,"información, bien/servicio",FALSE,FALSE,FALSE,,2022-08-24 01:57:04
14341,632,2,Richard,,TRUE,individuo,infraestructura urbana/rural,,,FALSE,FALSE,TRUE,,2022-08-24 01:57:20
6221,633,2,Richard,,TRUE,empresa,no especificado,,,FALSE,FALSE,FALSE,,2022-08-24 01:57:51
4284,634,2,Richard,,TRUE,organización,patrocinio,,,FALSE,FALSE,FALSE,,2022-08-24 01:58:16
5319,635,2,Richard,,TRUE,organización,transporte,,,FALSE,FALSE,FALSE,,2022-08-24 01:58:31
1426,636,2,Richard,,TRUE,empresa,patente/permiso/autorización,,proyecto,FALSE,FALSE,FALSE,,2022-08-24 02:06:29
1322,637,2,Richard,,TRUE,empresa,"patente/permiso/autorización, subvención",,,FALSE,FALSE,FALSE,,2022-08-24 02:08:03
7305,638,2,Richard,,TRUE,individuo,infraestructura urbana/rural,,,FALSE,FALSE,FALSE,,2022-08-24 02:08:20
10482,639,2,Richard,,TRUE,organización,,,"información, bien/servicio",FALSE,FALSE,FALSE,,2022-08-24 02:09:34
12960,640,2,Richard,,TRUE,empresa,,,"información, proyecto",FALSE,FALSE,FALSE,,2022-08-24 02:12:16
7346,641,2,Richard,,TRUE,individuo,empleo,,,FALSE,FALSE,FALSE,,2022-08-24 02:12:28
6572,642,2,Richard,,TRUE,individuo,"información, infraestructura urbana/rural",Administración municipal,,FALSE,FALSE,FALSE,,2022-08-24 02:13:05
9268,643,2,Richard,,TRUE,individuo,ayuda social/económica,,,FALSE,FALSE,FALSE,,2022-08-24 02:13:17
5534,644,2,Richard,,TRUE,organización,no especificado,,,FALSE,FALSE,FALSE,,2022-08-24 02:13:41
2884,645,2,Richard,,TRUE,empresa,,,proyecto,FALSE,FALSE,FALSE,,2022-08-24 02:14:27
10353,646,2,Richard,,TRUE,empresa,,,información,FALSE,FALSE,FALSE,,2022-08-24 02:15:00
2078,647,2,Richard,,TRUE,empresa,,,"bien/servicio, proyecto",FALSE,FALSE,FALSE,,2022-08-24 02:15:33
3019,648,2,Richard,,TRUE,empresa,infraestructura urbana/rural,,"información, proyecto",TRUE,FALSE,FALSE,,2022-08-24 02:21:06
6750,649,2,Richard,,TRUE,organización,"infraestructura urbana/rural, subvención",,,FALSE,FALSE,FALSE,,2022-08-24 02:21:55
13632,650,2,Richard,,TRUE,individuo,empleo,,,FALSE,FALSE,FALSE,,2022-08-24 02:22:21
3164,651,2,Richard,,TRUE,individuo,no especificado,,,FALSE,FALSE,FALSE,,2022-08-24 02:22:48
1520,652,2,Richard,,TRUE,individuo,infraestructura urbana/rural,,,FALSE,FALSE,FALSE,,2022-08-24 02:23:11
4038,653,2,Richard,,TRUE,organización,fiscalización,,,FALSE,FALSE,FALSE,?,2022-08-24 02:24:16
12292,654,2,Richard,,TRUE,individuo,empleo,,,FALSE,FALSE,FALSE,,2022-08-24 02:24:34
6792,655,2,Richard,,TRUE,organización,"infraestructura urbana/rural, subvención",,,FALSE,FALSE,FALSE,,2022-08-24 02:25:31
5299,656,2,Richard,,TRUE,empresa,,,proyecto,FALSE,FALSE,FALSE,,2022-08-24 02:33:26
7352,657,2,Richard,,TRUE,individuo,no especificado,,información,FALSE,FALSE,FALSE,,2022-08-24 02:34:06
3592,658,2,Richard,,TRUE,individuo,no especificado,,,FALSE,FALSE,FALSE,,2022-08-24 02:40:02
10392,659,2,Richard,,TRUE,empresa,"fiscalización, seguridad",Dirección de seguridad,,FALSE,FALSE,FALSE,,2022-08-24 02:55:22
3195,660,2,Richard,,TRUE,organización,,,información,FALSE,FALSE,FALSE,,2022-08-24 14:00:14
14746,661,2,Richard,,TRUE,individuo,"información, empleo",,,FALSE,FALSE,FALSE,,2022-08-24 14:02:59
6854,662,2,Richard,,TRUE,empresa,,,información,FALSE,FALSE,FALSE,,2022-08-24 14:03:09
7755,663,2,Richard,,TRUE,organización,no especificado,,información,FALSE,FALSE,FALSE,,2022-08-24 14:03:55
3541,664,2,Richard,,TRUE,empresa,subvención,CORPORACIÓN CULTURAL,proyecto,FALSE,FALSE,FALSE,,2022-08-24 14:04:49
12461,665,2,Richard,,TRUE,individuo,empleo,,,FALSE,FALSE,FALSE,,2022-08-24 14:04:56
1040,666,2,Richard,,TRUE,individuo,empleo,,,FALSE,FALSE,FALSE,,2022-08-24 14:05:02
14475,667,2,Richard,,TRUE,individuo,"intercesion, no especificado",,,FALSE,FALSE,FALSE,,2022-08-24 14:06:12
9685,668,2,Richard,,TRUE,individuo,no especificado,,,FALSE,FALSE,FALSE,,2022-08-24 14:06:21
3777,669,2,Richard,,TRUE,organización,,,,FALSE,FALSE,FALSE,,2022-08-24 14:06:35
7194,670,2,Richard,,TRUE,individuo,"vivienda, ayuda social/económica",,,FALSE,FALSE,FALSE,,2022-08-24 14:06:46
661,671,2,Richard,,TRUE,individuo,empleo,,,FALSE,FALSE,FALSE,,2022-08-24 14:06:53
583,672,2,Richard,,TRUE,individuo,empleo,,,FALSE,FALSE,FALSE,,2022-08-24 14:06:59
417,673,2,Richard,,TRUE,individuo,empleo,,,FALSE,FALSE,FALSE,,2022-08-24 14:07:06
2093,674,2,Richard,,TRUE,empresa,,,"información, bien/servicio",FALSE,FALSE,FALSE,,2022-08-24 14:07:23
2664,675,2,Richard,,TRUE,institución,,,,TRUE,FALSE,FALSE,,2022-08-24 14:08:15
10962,676,2,Richard,,TRUE,organización,no especificado,,información,FALSE,FALSE,FALSE,,2022-08-24 14:08:52
2782,677,2,Richard,,TRUE,individuo,infraestructura urbana/rural,,,FALSE,FALSE,FALSE,,2022-08-24 14:09:04
14020,678,2,Richard,,TRUE,individuo,transporte,,,FALSE,FALSE,FALSE,,2022-08-24 14:09:15
12539,679,2,Richard,,TRUE,individuo,ayuda social/económica,,,FALSE,FALSE,FALSE,,2022-08-24 14:09:21
9838,680,2,Richard,,TRUE,individuo,empleo,,,FALSE,FALSE,FALSE,,2022-08-24 14:09:27
7797,681,2,Richard,,TRUE,institución,,,"proyecto, bien/servicio",FALSE,FALSE,FALSE,,2022-08-24 14:10:12
478,682,2,Richard,,TRUE,individuo,patente/permiso/autorización,,,FALSE,FALSE,FALSE,,2022-08-24 14:10:24
11561,683,2,Richard,,TRUE,organización,subvención,,,FALSE,FALSE,FALSE,,2022-08-24 14:10:47
7655,684,2,Richard,,TRUE,individuo,no especificado,,presente,FALSE,FALSE,FALSE,?,2022-08-24 14:11:16
7114,685,2,Richard,,TRUE,organización,infraestructura urbana/rural,,proyecto,FALSE,FALSE,FALSE,,2022-08-24 14:12:08
12660,686,2,Richard,,TRUE,individuo,"practica profesional, empleo",,,FALSE,FALSE,FALSE,,2022-08-24 14:12:25
14348,687,2,Richard,,TRUE,individuo,"infraestructura urbana/rural, denuncia",,,FALSE,FALSE,FALSE,,2022-08-24 14:12:50
4127,688,2,Richard,,TRUE,individuo,"infraestructura urbana/rural, patente/permiso/autorización",,,FALSE,FALSE,TRUE,?,2022-08-24 14:13:53
7269,689,2,Richard,,TRUE,organización,no especificado,,,FALSE,FALSE,FALSE,,2022-08-24 14:14:43
10863,690,2,Richard,,TRUE,organización,,,"proyecto, información",FALSE,FALSE,FALSE,,2022-08-24 14:15:32
1622,691,2,Richard,,TRUE,organización,,,información,FALSE,FALSE,FALSE,,2022-08-24 14:15:47
10318,692,2,Richard,,TRUE,individuo,infraestructura urbana/rural,,,FALSE,FALSE,FALSE,,2022-08-24 14:16:04
11581,693,2,Richard,,TRUE,individuo,vivienda,,,FALSE,FALSE,FALSE,,2022-08-24 14:16:10
3131,694,2,Richard,,TRUE,organización,subvención,,,FALSE,FALSE,FALSE,?,2022-08-24 14:16:57
7172,695,2,Richard,,TRUE,institución,,,información,FALSE,FALSE,FALSE,,2022-08-24 14:17:42
6275,696,2,Richard,,TRUE,organización,infraestructura urbana/rural,,,FALSE,FALSE,FALSE,,2022-08-24 14:18:21
1937,697,2,Richard,,TRUE,individuo,infraestructura urbana/rural,,,FALSE,FALSE,FALSE,,2022-08-24 14:18:28
7154,698,2,Richard,,TRUE,empresa,,,"información, proyecto",FALSE,FALSE,FALSE,,2022-08-24 14:19:08
1911,699,2,Richard,,TRUE,individuo,empleo,DAEM (educación municipal),"información, proyecto",FALSE,FALSE,FALSE,?,2022-08-24 14:20:00
6182,700,2,Richard,,TRUE,individuo,"ayuda social/económica, infraestructura urbana/rural",,,FALSE,FALSE,FALSE,,2022-08-24 14:20:13
15005,701,2,Richard,,TRUE,individuo,infraestructura urbana/rural,,,FALSE,FALSE,FALSE,,2022-08-24 14:20:20
1773,702,2,Richard,,TRUE,individuo,,,"proyecto, bien/servicio",FALSE,FALSE,FALSE,,2022-08-24 14:21:07
1738,703,2,Richard,,TRUE,empresa,patente/permiso/autorización,,,FALSE,FALSE,FALSE,,2022-08-24 14:21:54
3917,704,2,Richard,,TRUE,individuo,empleo,,,FALSE,FALSE,FALSE,,2022-08-24 14:22:02
14829,705,2,Richard,,TRUE,individuo,infraestructura urbana/rural,,,FALSE,FALSE,FALSE,,2022-08-24 14:22:25
14761,706,2,Richard,,TRUE,individuo,empleo,,,FALSE,FALSE,FALSE,,2022-08-24 14:22:31
479,707,2,Richard,,TRUE,individuo,ayuda social/económica,,,FALSE,FALSE,FALSE,,2022-08-24 14:22:37
5935,708,2,Richard,,TRUE,individuo,no especificado,,,FALSE,FALSE,FALSE,,2022-08-24 14:22:51
3950,709,2,Richard,,TRUE,individuo,empleo,,información,FALSE,FALSE,FALSE,,2022-08-24 14:23:04
9259,710,2,Richard,,TRUE,individuo,ayuda social/económica,,,FALSE,FALSE,FALSE,,2022-08-24 14:23:10
1239,711,2,Richard,,TRUE,individuo,,,"bien/servicio, proyecto",FALSE,FALSE,FALSE,?,2022-08-24 14:23:23
5232,712,2,Richard,,TRUE,empresa,patente/permiso/autorización,,,FALSE,FALSE,FALSE,?,2022-08-24 14:24:13
8219,713,2,Richard,,TRUE,empresa,no especificado,,información,FALSE,FALSE,FALSE,,2022-08-24 14:24:39
10354,714,2,Richard,,TRUE,empresa,,,"información, proyecto",TRUE,FALSE,FALSE,,2022-08-24 14:25:05
5037,715,2,Richard,,TRUE,individuo,empleo,,,FALSE,FALSE,FALSE,,2022-08-24 14:25:19
11579,716,2,Richard,,TRUE,individuo,vivienda,,,FALSE,FALSE,FALSE,,2022-08-24 14:25:25
12185,717,2,Richard,,TRUE,individuo,patente/permiso/autorización,,,FALSE,FALSE,FALSE,,2022-08-24 14:25:31
3638,718,2,Richard,,TRUE,empresa,,ABOGADO DE GABINETE,"proyecto, bien/servicio",FALSE,FALSE,FALSE,,2022-08-24 14:26:10
13624,719,2,Richard,,TRUE,empresa,patente/permiso/autorización,,,FALSE,FALSE,FALSE,,2022-08-24 14:26:31
2535,720,2,Richard,,TRUE,organización,,,"información, proyecto",FALSE,FALSE,FALSE,,2022-08-24 14:26:45
10331,721,2,Richard,,TRUE,individuo,infraestructura urbana/rural,,,FALSE,FALSE,FALSE,,2022-08-24 14:26:59
2912,722,2,Richard,,TRUE,empresa,,,"bien/servicio, proyecto",FALSE,FALSE,FALSE,,2022-08-24 14:27:40
1666,723,2,Richard,,TRUE,empresa,,,"proyecto, bien/servicio",FALSE,FALSE,FALSE,,2022-08-24 14:28:07
15098,724,2,Richard,,TRUE,organización,,,información,TRUE,FALSE,FALSE,,2022-08-24 14:28:20
11311,725,2,Richard,,TRUE,individuo,empleo,,,FALSE,FALSE,FALSE,,2022-08-24 14:28:27
14758,726,2,Richard,,TRUE,individuo,infraestructura urbana/rural,,,FALSE,FALSE,FALSE,,2022-08-24 14:28:36
1525,727,2,Richard,,TRUE,empresa,,,,FALSE,FALSE,FALSE,,2022-08-24 14:29:28
645,728,2,Richard,,TRUE,individuo,ayuda social/económica,,,FALSE,FALSE,FALSE,,2022-08-24 14:29:36
12675,729,2,Richard,,TRUE,individuo,no especificado,,,FALSE,FALSE,FALSE,,2022-08-24 14:29:44
9361,730,2,Richard,,TRUE,individuo,,,proyecto,FALSE,FALSE,FALSE,,2022-08-24 14:30:00
12295,731,2,Richard,,TRUE,individuo,ayuda social/económica,,,FALSE,FALSE,FALSE,,2022-08-24 14:30:07
5841,732,2,Richard,,TRUE,individuo,información,,,FALSE,TRUE,FALSE,,2022-08-24 14:30:22
3725,733,2,Richard,,TRUE,organización,patente/permiso/autorización,,,FALSE,FALSE,FALSE,,2022-08-24 14:30:34
3971,734,2,Richard,,TRUE,organización,información,,,FALSE,TRUE,FALSE,,2022-08-24 14:32:29
13835,735,2,Richard,,TRUE,organización,,,"proyecto, bien/servicio",FALSE,FALSE,FALSE,,2022-08-24 14:33:35
627,736,2,Richard,,TRUE,individuo,empleo,,,FALSE,FALSE,FALSE,,2022-08-24 14:33:41
4165,737,2,Richard,,TRUE,empresa,,SECPLAN,"proyecto, bien/servicio",FALSE,FALSE,FALSE,,2022-08-24 14:34:31
309,738,2,Richard,,TRUE,individuo,infraestructura urbana/rural,,,FALSE,FALSE,FALSE,,2022-08-24 14:34:39
9649,739,2,Richard,,TRUE,individuo,patente/permiso/autorización,,,FALSE,FALSE,FALSE,,2022-08-24 14:34:44
3412,740,2,Richard,,TRUE,empresa,,,"proyecto, bien/servicio",FALSE,FALSE,FALSE,,2022-08-24 14:35:35
6833,741,2,Richard,,TRUE,empresa,no especificado,,,FALSE,FALSE,FALSE,,2022-08-24 14:36:03
8983,742,2,Richard,,TRUE,individuo,"ayuda social/económica, asistencia legal",,,FALSE,FALSE,FALSE,,2022-08-24 14:36:15
1617,743,2,Richard,,TRUE,empresa,,,proyecto,FALSE,FALSE,FALSE,,2022-08-24 14:36:26
4669,744,2,Richard,,TRUE,organización,,,,FALSE,FALSE,FALSE,,2022-08-24 14:36:41
9731,745,2,Richard,,TRUE,individuo,ayuda social/económica,,,FALSE,FALSE,FALSE,,2022-08-24 14:36:51
9852,746,2,Richard,,TRUE,individuo,ayuda social/económica,,,FALSE,FALSE,FALSE,,2022-08-24 14:36:57
11605,747,2,Richard,,TRUE,individuo,ayuda social/económica,,,FALSE,FALSE,FALSE,,2022-08-24 14:37:02
13736,748,2,Richard,,TRUE,individuo,denuncia,,información,FALSE,FALSE,FALSE,,2022-08-24 14:37:28
8634,749,2,Richard,,TRUE,individuo,,,"información, bien/servicio",FALSE,FALSE,FALSE,,2022-08-24 14:38:11
9923,750,2,Richard,,TRUE,individuo,,,,FALSE,FALSE,FALSE,,2022-08-24 14:38:26
14698,751,2,Richard,,TRUE,individuo,información,,,FALSE,TRUE,FALSE,,2022-08-24 14:38:47
7452,752,2,Richard,,TRUE,individuo,ayuda social/económica,,,FALSE,FALSE,FALSE,,2022-08-24 14:38:54
12936,753,2,Richard,,TRUE,individuo,ayuda social/económica,,,FALSE,FALSE,FALSE,,2022-08-24 14:39:00
12207,754,2,Richard,,TRUE,individuo,empleo,,,FALSE,FALSE,FALSE,,2022-08-24 14:39:05
12698,755,2,Richard,,TRUE,individuo,patente/permiso/autorización,,,FALSE,FALSE,FALSE,,2022-08-24 14:39:11
10050,756,2,Richard,ayuda para señora?,TRUE,individuo,"intercesion, ayuda social/económica",,,FALSE,FALSE,FALSE,?,2022-08-24 14:40:42
6326,757,2,Richard,,TRUE,institución,,,información,TRUE,FALSE,FALSE,,2022-08-24 14:40:53
377,758,2,Richard,,TRUE,individuo,empleo,,,FALSE,FALSE,FALSE,,2022-08-24 14:40:59
13123,759,2,Richard,,TRUE,institución,no especificado,,,FALSE,FALSE,FALSE,,2022-08-24 14:41:46
12701,760,2,Richard,,TRUE,individuo,ayuda social/económica,,,FALSE,FALSE,FALSE,,2022-08-24 14:41:54
11718,761,2,Richard,,TRUE,individuo,"tramite, hora médica",,,FALSE,FALSE,FALSE,?,2022-08-24 14:42:36
14580,762,2,Richard,,TRUE,individuo,empleo,,,FALSE,FALSE,FALSE,,2022-08-24 14:42:41
13395,763,2,Richard,,TRUE,individuo,no especificado,,,FALSE,FALSE,FALSE,,2022-08-24 14:43:05
1207,764,2,Richard,,TRUE,individuo,,,información,FALSE,FALSE,FALSE,,2022-08-24 14:43:52
13225,765,2,Richard,Roberto Neira Aburto,TRUE,individuo,,,,FALSE,FALSE,FALSE,?,2022-08-24 14:44:10
9392,766,2,Richard,,TRUE,individuo,asistencia legal,,,FALSE,FALSE,FALSE,,2022-08-24 14:44:17
12829,767,2,Richard,,TRUE,individuo,empleo,,,FALSE,FALSE,FALSE,,2022-08-24 14:44:23
2955,768,2,Richard,,TRUE,individuo,empleo,,información,FALSE,FALSE,FALSE,,2022-08-24 14:44:38
8448,769,2,Richard,,TRUE,individuo,patente/permiso/autorización,,,FALSE,FALSE,FALSE,,2022-08-24 14:44:49
6663,770,2,Richard,,TRUE,organización,"infraestructura urbana/rural, intercesion",,información,TRUE,FALSE,FALSE,,2022-08-24 14:45:45
6685,771,2,Richard,,TRUE,organización,subvención,,información,TRUE,FALSE,FALSE,,2022-08-24 14:46:05
11308,772,2,Richard,,TRUE,individuo,empleo,,,FALSE,FALSE,FALSE,,2022-08-24 14:46:10
6178,773,2,Richard,,TRUE,individuo,empleo,,,FALSE,FALSE,FALSE,,2022-08-24 14:46:15
1010,774,2,Richard,,TRUE,individuo,"ayuda social/económica, infraestructura urbana/rural",,,FALSE,FALSE,FALSE,,2022-08-24 14:46:25
8133,775,2,Richard,,TRUE,individuo,información,,,FALSE,FALSE,TRUE,,2022-08-24 14:47:48
5903,776,2,Richard,,TRUE,individuo,"información, ayuda social/económica",,,FALSE,FALSE,FALSE,,2022-08-24 14:48:11
3410,777,2,Richard,,TRUE,individuo,no especificado,,,FALSE,FALSE,FALSE,,2022-08-24 14:48:25
3493,778,2,Richard,,TRUE,empresa,,OFICINAS DE VIVIENDA,"proyecto, bien/servicio",FALSE,FALSE,FALSE,,2022-08-24 14:49:02
2075,779,2,Richard,,TRUE,organización,infraestructura urbana/rural,,,FALSE,TRUE,TRUE,,2022-08-24 14:51:37
13338,780,2,Richard,Roberto Neira Aburto,TRUE,,,,,FALSE,FALSE,FALSE,?,2022-08-24 14:51:51
6982,781,2,Richard,,TRUE,individuo,no especificado,,,FALSE,FALSE,FALSE,,2022-08-24 14:52:02
12564,782,2,Richard,,TRUE,individuo,ayuda social/económica,,,FALSE,FALSE,FALSE,,2022-08-24 14:52:08
12466,783,2,Richard,,TRUE,individuo,fiscalización,,,FALSE,FALSE,FALSE,,2022-08-24 14:52:14
12752,784,2,Richard,,TRUE,individuo,ayuda social/económica,,,FALSE,FALSE,FALSE,,2022-08-24 14:52:19
3670,785,2,Richard,,TRUE,individuo,ayuda social/económica,,,FALSE,FALSE,FALSE,,2022-08-24 14:52:25
12707,786,2,Richard,,TRUE,individuo,patente/permiso/autorización,,,FALSE,FALSE,FALSE,,2022-08-24 14:52:31
121,787,2,Richard,,TRUE,organización,"infraestructura urbana/rural, no especificado",,,FALSE,FALSE,FALSE,,2022-08-24 14:53:02
8231,788,2,Richard,,TRUE,empresa,,,proyecto,FALSE,FALSE,FALSE,?,2022-08-24 14:53:26
2948,789,2,Richard,,TRUE,organización,,,"información, proyecto",TRUE,FALSE,FALSE,,2022-08-24 14:53:46
12634,790,2,Richard,,TRUE,individuo,vivienda,,,FALSE,FALSE,FALSE,,2022-08-24 14:53:52
2214,791,2,Richard,,TRUE,individuo,,,proyecto,FALSE,FALSE,FALSE,,2022-08-24 14:54:15
9192,792,2,Richard,,TRUE,individuo,ayuda social/económica,,,FALSE,FALSE,FALSE,,2022-08-24 14:54:22
8433,793,2,Richard,,TRUE,individuo,empleo,,,FALSE,FALSE,FALSE,,2022-08-24 14:54:27
3519,794,2,Richard,,TRUE,organización,,COMUDEF,"proyecto, información",FALSE,FALSE,FALSE,,2022-08-24 14:55:08
5238,795,2,Richard,,TRUE,empresa,,,"bien/servicio, información",FALSE,FALSE,FALSE,,2022-08-24 14:55:35
84,796,2,Richard,,TRUE,individuo,,,proyecto,FALSE,FALSE,FALSE,?,2022-08-24 14:56:26
10273,797,2,Richard,,TRUE,individuo,no especificado,,,FALSE,FALSE,FALSE,,2022-08-24 14:56:49
14574,798,2,Richard,,TRUE,individuo,infraestructura urbana/rural,,,FALSE,FALSE,FALSE,,2022-08-24 14:56:58
5918,799,2,Richard,,TRUE,individuo,patente/permiso/autorización,,,FALSE,FALSE,FALSE,,2022-08-24 14:57:06
1834,800,2,Richard,,TRUE,individuo,no especificado,,,FALSE,FALSE,FALSE,?,2022-08-24 14:57:48
5528,801,2,Richard,,TRUE,organización,"infraestructura urbana/rural, ayuda social/económica, no especificado",,,FALSE,FALSE,FALSE,,2022-08-24 14:58:11
1379,802,2,Richard,,TRUE,individuo,fiscalización,,información,FALSE,FALSE,TRUE,,2022-08-24 14:58:57
12290,803,2,Richard,,TRUE,individuo,no especificado,,,FALSE,FALSE,FALSE,,2022-08-24 14:59:11
9542,804,2,Richard,,TRUE,individuo,infraestructura urbana/rural,,,FALSE,FALSE,FALSE,,2022-08-24 14:59:18
6898,805,2,Richard,,TRUE,organización,infraestructura urbana/rural,,,TRUE,FALSE,FALSE,,2022-08-24 14:59:39
5173,806,2,Richard,,TRUE,organización,infraestructura urbana/rural,,proyecto,FALSE,FALSE,FALSE,,2022-08-24 14:59:56
7599,807,2,Richard,,TRUE,individuo,"ayuda social/económica, patente/permiso/autorización",,,FALSE,FALSE,FALSE,,2022-08-24 15:00:05
8918,808,2,Richard,,TRUE,individuo,ayuda social/económica,,,FALSE,FALSE,FALSE,,2022-08-24 15:00:19
12709,809,2,Richard,,TRUE,individuo,empleo,,,FALSE,FALSE,FALSE,,2022-08-24 15:00:24
6723,810,2,Richard,,TRUE,organización,información,,información,TRUE,FALSE,FALSE,,2022-08-24 15:01:00
13327,811,2,Richard,Roberto Neira Aburto,TRUE,,,,,FALSE,FALSE,FALSE,?,2022-08-24 15:01:07
13896,812,2,Richard,,TRUE,individuo,empleo,,,FALSE,FALSE,FALSE,,2022-08-24 15:01:12
5672,813,2,Richard,,TRUE,individuo,empleo,,,FALSE,FALSE,FALSE,,2022-08-24 15:01:18
1452,814,2,Richard,,TRUE,empresa,,,bien/servicio,FALSE,FALSE,FALSE,,2022-08-24 15:01:33
15049,815,2,Richard,,TRUE,individuo,,,información,FALSE,FALSE,FALSE,,2022-08-24 15:01:46
3353,816,2,Richard,,TRUE,organización,infraestructura urbana/rural,,,FALSE,FALSE,FALSE,,2022-08-24 15:02:04
5121,817,2,Richard,,TRUE,individuo,información,,proyecto,FALSE,FALSE,FALSE,?,2022-08-24 15:03:05
9469,818,2,Richard,,TRUE,individuo,ayuda social/económica,,,FALSE,FALSE,FALSE,,2022-08-24 15:03:12
385,819,2,Richard,,TRUE,individuo,ayuda social/económica,,,FALSE,FALSE,FALSE,,2022-08-24 15:03:18
1745,820,2,Richard,,TRUE,individuo,no especificado,,información,TRUE,FALSE,FALSE,,2022-08-24 15:03:58
6515,821,2,Richard,,FALSE,empresa,,,,FALSE,FALSE,FALSE,,2022-08-24 15:04:06
4808,822,2,Richard,,TRUE,empresa,información,,bien/servicio,FALSE,FALSE,FALSE,?,2022-08-24 15:04:33
10723,823,2,Richard,,TRUE,individuo,,,proyecto,FALSE,FALSE,FALSE,,2022-08-24 15:04:44
816,824,2,Richard,,TRUE,individuo,"ayuda social/económica, infraestructura urbana/rural",,,FALSE,FALSE,FALSE,,2022-08-24 15:04:54
9759,825,2,Richard,,TRUE,individuo,vivienda,,,FALSE,FALSE,FALSE,?,2022-08-24 15:05:14
7845,826,2,Richard,,TRUE,individuo,"no especificado, asistencia legal",,,FALSE,FALSE,FALSE,?,2022-08-24 15:05:46
7808,827,2,Richard,,TRUE,individuo,fiscalización,,,FALSE,FALSE,FALSE,,2022-08-24 15:06:12
3356,828,2,Richard,postulacion fondo,TRUE,organización,asistencia legal,,,FALSE,FALSE,FALSE,,2022-08-24 15:06:58
11147,829,2,Richard,,TRUE,individuo,ayuda social/económica,,,FALSE,FALSE,FALSE,,2022-08-24 15:07:03
12316,830,2,Richard,,TRUE,individuo,ayuda social/económica,,,FALSE,FALSE,FALSE,,2022-08-24 15:07:08
11368,831,2,Richard,,TRUE,individuo,vivienda,,,FALSE,FALSE,FALSE,,2022-08-24 15:07:14
3775,832,2,Richard,,TRUE,organización,subvención,,,FALSE,FALSE,FALSE,,2022-08-24 15:07:29
1113,833,2,Richard,,TRUE,empresa,,,información,FALSE,FALSE,FALSE,,2022-08-24 15:07:48
11835,834,2,Richard,,TRUE,individuo,ayuda social/económica,,,FALSE,FALSE,FALSE,,2022-08-24 15:07:54
9574,835,2,Richard,,TRUE,individuo,ayuda social/económica,,,FALSE,FALSE,FALSE,,2022-08-24 15:07:59
11381,836,2,Richard,,TRUE,individuo,transporte,,,FALSE,FALSE,FALSE,,2022-08-24 15:08:06
5602,837,2,Richard,,TRUE,organización,no especificado,,,FALSE,FALSE,FALSE,,2022-08-24 15:08:15
681,838,2,Richard,,TRUE,individuo,empleo,,,FALSE,FALSE,FALSE,,2022-08-24 15:08:20
13154,839,2,Richard,Roberto Neira Aburto,TRUE,,,,,FALSE,FALSE,FALSE,?,2022-08-24 15:08:27
1826,840,2,Richard,,TRUE,empresa,,,información,FALSE,FALSE,FALSE,,2022-08-24 15:08:40
2976,841,2,Richard,,TRUE,individuo,empleo,Administración municipal,,FALSE,FALSE,FALSE,,2022-08-24 15:08:54
3109,842,2,Richard,,TRUE,empresa,,,"información, bien/servicio",FALSE,FALSE,FALSE,,2022-08-24 15:09:06
5432,843,2,Richard,,TRUE,individuo,"infraestructura urbana/rural, asistencia legal",,,FALSE,FALSE,FALSE,?,2022-08-24 15:09:42
4855,844,2,Richard,,TRUE,organización,infraestructura urbana/rural,,,FALSE,FALSE,FALSE,,2022-08-24 15:09:58
11879,845,2,Richard,,TRUE,individuo,empleo,,,FALSE,FALSE,FALSE,,2022-08-24 15:10:03
12067,846,2,Richard,,TRUE,individuo,ayuda social/económica,,,FALSE,FALSE,FALSE,,2022-08-24 15:10:09
11328,847,2,Richard,,TRUE,individuo,vivienda,,,FALSE,FALSE,FALSE,,2022-08-24 15:10:14
4299,848,2,Richard,,TRUE,individuo,no especificado,,,FALSE,FALSE,FALSE,,2022-08-24 15:10:29
5122,849,2,Richard,,TRUE,individuo,subvención,,,FALSE,FALSE,FALSE,,2022-08-24 15:10:38
14042,850,2,Richard,,TRUE,individuo,información,,,FALSE,FALSE,FALSE,,2022-08-24 15:10:47
9401,851,2,Richard,,TRUE,individuo,ayuda social/económica,,,FALSE,FALSE,FALSE,,2022-08-24 15:11:08
5570,852,2,Richard,,TRUE,organización,información,,información,FALSE,FALSE,FALSE,,2022-08-24 15:11:22
10610,853,2,Richard,,TRUE,empresa,renovación de contrato,,,FALSE,FALSE,FALSE,?,2022-08-24 15:12:10
14468,854,2,Richard,,TRUE,individuo,,,proyecto,FALSE,FALSE,FALSE,,2022-08-24 15:12:18
12110,855,2,Richard,,TRUE,individuo,fiscalización,,,FALSE,FALSE,FALSE,,2022-08-24 15:12:25
15191,856,2,Richard,,TRUE,empresa,subvención,,"proyecto, información",FALSE,FALSE,FALSE,,2022-08-24 15:12:55
1455,857,2,Richard,,TRUE,individuo,,,"proyecto, información",FALSE,FALSE,FALSE,,2022-08-24 15:13:41
5151,858,2,Richard,,TRUE,individuo,empleo,DAEM (educación municipal),,FALSE,FALSE,FALSE,,2022-08-24 15:14:08
13376,859,2,Richard,Roberto Neira Aburto,TRUE,,,,,FALSE,FALSE,FALSE,?,2022-08-24 15:14:13
3562,860,2,Richard,,TRUE,empresa,información,Administración municipal,proyecto,FALSE,FALSE,FALSE,,2022-08-24 15:14:58
7970,861,2,Richard,,TRUE,institución,,,proyecto,FALSE,FALSE,FALSE,,2022-08-24 15:15:20
1284,862,2,Richard,,TRUE,individuo,,,proyecto,FALSE,FALSE,FALSE,,2022-08-24 15:15:33
5701,863,2,Richard,,TRUE,individuo,patente/permiso/autorización,,,FALSE,FALSE,FALSE,,2022-08-24 15:15:40
12261,864,2,Richard,,TRUE,individuo,transporte,,,FALSE,FALSE,FALSE,,2022-08-24 15:15:46
14454,865,2,Richard,,TRUE,individuo,"fiscalización, infraestructura urbana/rural",,,FALSE,FALSE,FALSE,,2022-08-24 15:15:56
11496,866,2,Richard,,TRUE,individuo,ayuda social/económica,,,FALSE,FALSE,FALSE,,2022-08-24 15:16:06
6028,867,2,Richard,,TRUE,organización,no especificado,,,FALSE,FALSE,FALSE,,2022-08-24 15:16:21
3855,868,2,Richard,,TRUE,individuo,patente/permiso/autorización,,,FALSE,FALSE,FALSE,,2022-08-24 15:16:44
12329,869,2,Richard,,TRUE,individuo,empleo,,,FALSE,FALSE,FALSE,,2022-08-24 15:16:51
6004,870,2,Richard,,TRUE,individuo,,,proyecto,FALSE,FALSE,FALSE,,2022-08-24 15:17:04
8101,871,2,Richard,,TRUE,empresa,"denuncia, asistencia legal",,,FALSE,FALSE,TRUE,,2022-08-24 15:17:51
250,872,2,Richard,,TRUE,individuo,no especificado,,,FALSE,FALSE,FALSE,,2022-08-24 15:18:04
3207,873,2,Richard,,TRUE,individuo,subvención,,,FALSE,FALSE,FALSE,,2022-08-24 15:18:19
12248,874,2,Richard,,TRUE,individuo,ayuda social/económica,,,FALSE,FALSE,FALSE,,2022-08-24 15:18:25
11747,875,2,Richard,,TRUE,individuo,vivienda,,,FALSE,FALSE,FALSE,,2022-08-24 15:18:31
4810,876,2,Richard,,TRUE,organización,"infraestructura urbana/rural, asistencia legal",,,FALSE,FALSE,FALSE,,2022-08-24 15:18:47
8668,877,2,Richard,,TRUE,individuo,patente/permiso/autorización,,,FALSE,FALSE,FALSE,,2022-08-24 15:18:54
111,878,2,Richard,,TRUE,organización,infraestructura urbana/rural,,,FALSE,FALSE,FALSE,?,2022-08-24 19:20:34
3050,879,2,Richard,,TRUE,empresa,,,,FALSE,FALSE,FALSE,,2022-08-24 19:20:53
6873,880,2,Richard,,TRUE,organización,infraestructura urbana/rural,,,TRUE,FALSE,FALSE,,2022-08-24 19:21:12
8840,881,2,Richard,,TRUE,individuo,vivienda,,,FALSE,FALSE,FALSE,,2022-08-24 19:21:23
15187,882,2,Richard,,TRUE,empresa,,,"proyecto, bien/servicio",FALSE,FALSE,FALSE,,2022-08-24 19:21:44
12990,883,2,Richard,,TRUE,individuo,,,proyecto,FALSE,FALSE,FALSE,,2022-08-24 19:21:59
2236,884,2,Richard,,TRUE,organización,no especificado,,información,TRUE,FALSE,FALSE,,2022-08-24 19:22:31
12768,885,2,Richard,,TRUE,individuo,subvención,,,FALSE,FALSE,FALSE,,2022-08-24 19:22:42
7603,886,2,Richard,,TRUE,organización,no especificado,,información,FALSE,FALSE,FALSE,,2022-08-24 19:22:59
3821,887,2,Richard,,TRUE,individuo,no especificado,,información,FALSE,FALSE,FALSE,,2022-08-24 19:25:18
7292,888,2,Richard,,TRUE,individuo,empleo,,,FALSE,FALSE,FALSE,,2022-08-24 19:25:24
6164,889,2,Richard,,TRUE,organización,infraestructura urbana/rural,,,FALSE,FALSE,FALSE,,2022-08-24 19:25:50
13790,890,2,Richard,,TRUE,individuo,,,proyecto,FALSE,FALSE,FALSE,,2022-08-24 19:25:59
1407,891,2,Richard,,FALSE,empresa,,,bien/servicio,FALSE,FALSE,FALSE,,2022-08-24 19:26:41
8889,892,2,Richard,,TRUE,individuo,transporte,,,FALSE,FALSE,FALSE,,2022-08-24 19:26:50
2144,893,2,Richard,,TRUE,organización,,,"información, proyecto",FALSE,FALSE,FALSE,,2022-08-24 19:27:24
4765,894,2,Richard,,TRUE,individuo,renuncia,Dirección de salud,,FALSE,FALSE,FALSE,,2022-08-24 19:28:23
10889,895,2,Richard,,TRUE,empresa,,,proyecto,FALSE,FALSE,FALSE,,2022-08-24 19:29:08
3769,896,2,Richard,,TRUE,institución,infraestructura urbana/rural,,,FALSE,FALSE,FALSE,,2022-08-24 19:29:39
12922,897,2,Richard,,TRUE,individuo,empleo,,,FALSE,FALSE,FALSE,,2022-08-24 19:29:45
9611,898,2,Richard,,TRUE,individuo,patente/permiso/autorización,,,FALSE,FALSE,FALSE,,2022-08-24 19:29:51
5242,899,2,Richard,,TRUE,empresa,,,"proyecto, bien/servicio",FALSE,FALSE,FALSE,,2022-08-24 19:32:18
1635,900,2,Richard,,TRUE,empresa,,,"información, bien/servicio",FALSE,FALSE,FALSE,,2022-08-24 19:32:30